# 3ds Max Wavefront OBJ Exporter v0.99 - (c)2007 guruware
# File Created: 30.03.2025 04:07:18

mtllib Rail_Gun_UVW.mtl

#
# object Box077
#

v  -0.170093 0.000000 0.283488
v  -0.283488 0.000000 0.170093
v  -0.283488 0.000000 -0.170093
v  -0.170093 0.000000 -0.283488
v  0.170093 0.000000 -0.283488
v  0.283488 0.000000 -0.170093
v  0.283488 0.000000 0.170093
v  0.170093 0.000000 0.283488
v  0.170093 0.113395 0.283488
v  -0.170093 0.113395 0.283488
v  -0.283488 0.113395 0.170093
v  -0.283488 0.113395 -0.170093
v  -0.170093 0.113395 -0.283488
v  0.170093 0.113395 -0.283488
v  0.283488 0.113395 -0.170093
v  0.283488 0.113395 0.170093
v  -0.144194 0.113395 0.240324
v  -0.240324 0.113395 0.144194
v  -0.240324 0.113395 -0.144194
v  -0.144194 0.113395 -0.240324
v  0.144194 0.113395 -0.240324
v  0.240324 0.113395 -0.144194
v  0.240324 0.113395 0.144194
v  0.144194 0.113395 0.240324
v  -0.211825 0.092887 0.127095
v  -0.211825 0.092887 -0.127095
v  -0.127095 0.092887 -0.211825
v  0.127095 0.092887 -0.211825
v  0.211825 0.092887 -0.127095
v  0.211825 0.092887 0.127095
v  0.127095 0.092887 0.211825
v  -0.127095 0.092887 0.211825
v  -0.240324 0.092887 0.144194
v  -0.144194 0.092887 0.240324
v  0.144194 0.092887 0.240324
v  0.240324 0.092887 0.144194
v  0.240324 0.092887 -0.144194
v  0.144194 0.092887 -0.240324
v  -0.144194 0.092887 -0.240324
v  -0.240324 0.092887 -0.144194
v  -0.211825 0.113395 0.127095
v  -0.211825 0.113395 -0.127095
v  -0.127095 0.113395 0.211825
v  0.127095 0.113395 0.211825
v  0.211825 0.113395 0.127095
v  0.211825 0.113395 -0.127095
v  0.127095 0.113395 -0.211825
v  -0.127095 0.113395 -0.211825
v  0.027075 0.113395 0.035898
v  0.027075 0.291120 -0.066712
v  -0.027076 0.291120 -0.066712
v  -0.027076 0.113395 0.035898
v  -0.027076 0.113395 -0.064623
v  0.027075 0.113395 -0.064623
v  0.027075 0.141087 0.004247
v  0.027075 0.263428 -0.066386
v  0.027075 0.263428 -0.096010
v  0.027075 0.141087 -0.025378
v  0.027075 0.141087 -0.034158
v  0.027075 0.263428 -0.104791
v  0.027075 0.263428 -0.135583
v  0.027075 0.141087 -0.064949
v  0.027075 0.291120 -0.167233
v  -0.027076 0.291120 -0.167233
v  -0.027076 0.141087 0.004247
v  -0.027076 0.141087 -0.025378
v  -0.027076 0.141087 -0.034158
v  -0.027076 0.141087 -0.064949
v  -0.027076 0.263428 -0.135583
v  -0.027076 0.263428 -0.104791
v  -0.027076 0.263428 -0.096010
v  -0.027076 0.263428 -0.066386
v  -0.143297 0.349097 0.029416
v  -0.134225 0.340025 0.029416
v  -0.084332 0.340025 0.029416
v  -0.075260 0.349097 0.029416
v  -0.075260 0.398991 0.029416
v  -0.084332 0.408063 0.029416
v  -0.134225 0.408063 0.029416
v  -0.143297 0.398991 0.029416
v  -0.134225 0.340025 -0.160874
v  -0.084332 0.340025 -0.160874
v  -0.084332 0.408063 -0.160874
v  -0.134225 0.408063 -0.160874
v  -0.075260 0.349097 -0.160874
v  -0.075260 0.398991 -0.160874
v  -0.084332 0.349097 -0.169945
v  -0.134225 0.349097 -0.169945
v  -0.134225 0.398991 -0.169945
v  -0.084332 0.398991 -0.169945
v  -0.143297 0.349097 -0.160874
v  -0.143297 0.398991 -0.160874
v  -0.074698 0.311738 0.053370
v  -0.074698 0.311738 -0.318377
v  -0.074698 0.311738 -0.265270
v  -0.074698 0.311738 -0.212164
v  -0.074698 0.311738 -0.159057
v  -0.074698 0.311738 -0.105950
v  -0.074698 0.311738 -0.052843
v  -0.074698 0.311738 0.000263
v  -0.074698 0.333023 0.053370
v  -0.074698 0.333023 -0.318377
v  -0.074698 0.333023 -0.265270
v  -0.074698 0.333023 -0.212164
v  -0.074698 0.333023 -0.159057
v  -0.074698 0.333023 -0.105950
v  -0.074698 0.333023 -0.052843
v  -0.074698 0.333023 0.000263
v  -0.074698 0.354308 0.053370
v  -0.074698 0.354308 -0.318377
v  -0.074698 0.354308 -0.265270
v  -0.074698 0.354308 -0.212164
v  -0.074698 0.354308 -0.159057
v  -0.074698 0.354308 -0.105950
v  -0.074698 0.354308 -0.052843
v  -0.074698 0.354308 0.000263
v  -0.074698 0.375592 0.053370
v  -0.074698 0.375592 -0.318377
v  -0.074698 0.375592 -0.265270
v  -0.074698 0.375592 -0.212164
v  -0.074698 0.375592 -0.159057
v  -0.074698 0.375592 -0.105950
v  -0.074698 0.375592 -0.052843
v  -0.074698 0.375592 0.000263
v  -0.074698 0.396877 0.053370
v  -0.074698 0.396877 -0.318377
v  -0.074698 0.396877 -0.265270
v  -0.074698 0.396877 -0.212164
v  -0.074698 0.396877 -0.159057
v  -0.074698 0.396877 -0.105950
v  -0.074698 0.396877 -0.052843
v  -0.074698 0.396877 0.000263
v  -0.074698 0.418162 0.053370
v  -0.074698 0.418162 -0.318377
v  -0.074698 0.418162 -0.265270
v  -0.074698 0.418162 -0.212164
v  -0.074698 0.418162 -0.159057
v  -0.074698 0.418162 -0.105950
v  -0.074698 0.418162 -0.052843
v  -0.074698 0.418162 0.000263
v  -0.074698 0.439447 0.053370
v  -0.074698 0.439447 -0.318377
v  -0.074698 0.439447 -0.265270
v  -0.074698 0.439447 -0.212164
v  -0.074698 0.439447 -0.159057
v  -0.074698 0.439447 -0.105950
v  -0.074698 0.439447 -0.052843
v  -0.074698 0.439447 0.000263
v  -0.074698 0.460731 0.053370
v  -0.074698 0.460731 -0.318377
v  -0.074698 0.460731 -0.265270
v  -0.074698 0.460731 -0.212164
v  -0.074698 0.460731 -0.159057
v  -0.074698 0.460731 -0.105950
v  -0.074698 0.460731 -0.052843
v  -0.074698 0.460731 0.000263
v  -0.074698 0.482016 0.053370
v  -0.074698 0.482016 -0.318377
v  -0.074698 0.482016 -0.265270
v  -0.074698 0.482016 -0.212164
v  -0.074698 0.482016 -0.159057
v  -0.074698 0.482016 -0.105950
v  -0.074698 0.482016 -0.052843
v  -0.074698 0.482016 0.000263
v  -0.074698 0.503301 0.053370
v  -0.074698 0.503301 -0.318377
v  -0.074698 0.503301 -0.265270
v  -0.074698 0.503301 -0.212164
v  -0.074698 0.503301 -0.159057
v  -0.074698 0.503301 -0.105950
v  -0.074698 0.503301 -0.052843
v  -0.074698 0.503301 0.000263
v  -0.074698 0.524585 0.053370
v  -0.074698 0.524585 -0.318377
v  -0.074698 0.524585 -0.265270
v  -0.074698 0.524585 -0.212164
v  -0.074698 0.524585 -0.159057
v  -0.074698 0.524585 -0.105950
v  -0.074698 0.524585 -0.052843
v  -0.074698 0.524585 0.000263
v  -0.074698 0.545870 0.053370
v  -0.074698 0.545870 -0.318377
v  -0.074698 0.545870 -0.265270
v  -0.074698 0.545870 -0.212164
v  -0.074698 0.545870 -0.159057
v  -0.074698 0.545870 -0.105950
v  -0.074698 0.545870 -0.052843
v  -0.074698 0.545870 0.000263
v  -0.061402 0.333023 -0.318377
v  -0.061402 0.333023 -0.265270
v  -0.061402 0.333023 -0.212164
v  -0.061402 0.354308 -0.212164
v  -0.061402 0.354308 -0.265270
v  -0.061402 0.354308 -0.318377
v  -0.061402 0.375592 -0.318377
v  -0.061402 0.375592 -0.265270
v  -0.061402 0.375592 -0.212164
v  -0.061402 0.396877 -0.212164
v  -0.061402 0.396877 -0.265270
v  -0.061402 0.396877 -0.318377
v  -0.061402 0.418162 -0.318377
v  -0.061402 0.418162 -0.265270
v  -0.061402 0.418162 -0.212164
v  -0.061402 0.418162 -0.159057
v  -0.061402 0.418162 -0.105950
v  -0.061402 0.418162 -0.052843
v  -0.061402 0.418162 0.000263
v  -0.061402 0.439447 0.000263
v  -0.061402 0.439447 -0.052843
v  -0.061402 0.439447 -0.105950
v  -0.061402 0.439447 -0.159057
v  -0.061402 0.439447 -0.212164
v  -0.061402 0.439447 -0.265270
v  -0.061402 0.439447 -0.318377
v  -0.061402 0.460731 -0.318377
v  -0.061402 0.460731 -0.265270
v  -0.061402 0.460731 -0.212164
v  -0.061402 0.460731 -0.159057
v  -0.061402 0.460731 -0.105950
v  -0.061402 0.460731 -0.052843
v  -0.061402 0.460731 0.000263
v  -0.061402 0.482016 0.000263
v  -0.061402 0.482016 -0.052843
v  -0.061402 0.482016 -0.105950
v  -0.061402 0.482016 -0.159057
v  -0.061402 0.482016 -0.212164
v  -0.061402 0.482016 -0.265270
v  -0.061402 0.482016 -0.318377
v  -0.061402 0.503301 -0.318377
v  -0.061402 0.503301 -0.265270
v  -0.061402 0.503301 -0.212164
v  -0.061402 0.503301 -0.159057
v  -0.061402 0.503301 -0.105950
v  -0.061402 0.503301 -0.052843
v  -0.061402 0.503301 0.000263
v  -0.061402 0.524585 0.000263
v  -0.061402 0.524585 -0.052843
v  -0.061402 0.524585 -0.105950
v  -0.061402 0.524585 -0.159057
v  -0.061402 0.524585 -0.212164
v  -0.061402 0.524585 -0.265270
v  -0.061402 0.524585 -0.318377
v  -0.074698 0.311738 0.053370
v  -0.052951 0.290454 0.053370
v  -0.052951 0.290454 0.000263
v  -0.074698 0.311738 0.000263
v  -0.052951 0.290454 -0.052843
v  -0.074698 0.311738 -0.052843
v  -0.052951 0.290454 -0.105950
v  -0.074698 0.311738 -0.105950
v  -0.052951 0.290454 -0.159057
v  -0.074698 0.311738 -0.159057
v  -0.052951 0.290454 -0.212164
v  -0.074698 0.311738 -0.212164
v  -0.052951 0.290454 -0.265270
v  -0.074698 0.311738 -0.265270
v  -0.052951 0.290454 -0.318377
v  -0.074698 0.311738 -0.318377
v  -0.074698 0.545870 0.000263
v  -0.052951 0.567155 0.000263
v  -0.052951 0.567155 0.053370
v  -0.074698 0.545870 0.053370
v  -0.074698 0.545870 -0.052843
v  -0.052951 0.567155 -0.052843
v  -0.074698 0.545870 -0.105950
v  -0.052951 0.567155 -0.105950
v  -0.074698 0.545870 -0.159057
v  -0.052951 0.567155 -0.159057
v  -0.074698 0.545870 -0.212164
v  -0.052951 0.567155 -0.212164
v  -0.074698 0.545870 -0.265270
v  -0.052951 0.567155 -0.265270
v  -0.074698 0.545870 -0.318377
v  -0.052951 0.567155 -0.318377
v  -0.054469 0.311738 -0.371484
v  -0.074698 0.311738 -0.350262
v  -0.052951 0.333023 -0.371484
v  -0.074698 0.333023 -0.348805
v  -0.052951 0.354308 -0.371484
v  -0.074698 0.354308 -0.348805
v  -0.052951 0.375592 -0.371484
v  -0.074698 0.375592 -0.348805
v  -0.052951 0.396877 -0.371484
v  -0.074698 0.396877 -0.348805
v  -0.052951 0.418162 -0.371484
v  -0.074698 0.418162 -0.348805
v  -0.052951 0.439447 -0.371484
v  -0.074698 0.439447 -0.348805
v  -0.052951 0.460731 -0.371484
v  -0.074698 0.460731 -0.348805
v  -0.052951 0.482016 -0.371484
v  -0.074698 0.482016 -0.348805
v  -0.052951 0.503301 -0.371484
v  -0.074698 0.503301 -0.348805
v  -0.052951 0.524585 -0.371484
v  -0.074698 0.524585 -0.348805
v  -0.054469 0.545870 -0.371484
v  -0.074698 0.545870 -0.350262
v  -0.052951 0.290454 -0.348805
v  -0.052951 0.567155 -0.348805
v  -0.055589 0.311713 -0.371484
v  -0.055589 0.545895 -0.371484
v  -0.074698 0.311713 -0.351555
v  -0.074698 0.545895 -0.351555
v  0.000997 0.290454 0.053370
v  0.000997 0.290454 -0.052843
v  0.000997 0.290454 -0.105950
v  0.000997 0.290454 -0.348805
v  0.000997 0.567155 0.000263
v  0.000997 0.567155 -0.105950
v  0.000997 0.567155 -0.212164
v  0.000997 0.333023 0.053370
v  0.000997 0.375592 0.053370
v  0.000997 0.482016 0.053370
v  0.000997 0.524585 0.053370
v  0.000997 0.396877 -0.371484
v  0.000997 0.439447 -0.371484
v  0.000997 0.460731 -0.371484
v  0.000997 0.503301 -0.371484
v  0.000997 0.524585 -0.371484
v  0.000997 0.545883 -0.371484
v  0.054946 0.290454 0.053370
v  0.054946 0.290454 0.000263
v  0.000997 0.290454 0.000263
v  0.054946 0.290454 -0.052843
v  0.054946 0.290454 -0.105950
v  0.054946 0.290454 -0.159057
v  0.000997 0.290454 -0.159057
v  0.054946 0.290454 -0.212164
v  0.000997 0.290454 -0.212164
v  0.054946 0.290454 -0.265270
v  0.000997 0.290454 -0.265270
v  0.054946 0.290454 -0.318377
v  0.000997 0.290454 -0.318377
v  0.054946 0.290454 -0.348805
v  0.054946 0.567155 0.053370
v  0.000997 0.567155 0.053370
v  0.054946 0.567155 0.000263
v  0.000997 0.567155 -0.052843
v  0.054946 0.567155 -0.052843
v  0.054946 0.567155 -0.105950
v  0.000997 0.567155 -0.159057
v  0.054946 0.567155 -0.159057
v  0.054946 0.567155 -0.212164
v  0.000997 0.567155 -0.265270
v  0.054946 0.567155 -0.265270
v  0.000997 0.567155 -0.318377
v  0.054946 0.567155 -0.318377
v  0.000997 0.567155 -0.348805
v  0.054946 0.567155 -0.348805
v  0.076693 0.311738 0.053370
v  0.000997 0.311738 0.053370
v  0.076693 0.311738 0.053370
v  0.076693 0.333023 0.053370
v  0.000997 0.354308 0.053370
v  0.076693 0.354308 0.053370
v  0.076693 0.375592 0.053370
v  0.000997 0.396877 0.053370
v  0.076693 0.396877 0.053370
v  0.000997 0.418162 0.053370
v  0.076693 0.418162 0.053370
v  0.000997 0.439447 0.053370
v  0.076693 0.439447 0.053370
v  0.000997 0.460731 0.053370
v  0.076693 0.460731 0.053370
v  0.076693 0.482016 0.053370
v  0.000997 0.503301 0.053370
v  0.076693 0.503301 0.053370
v  0.076693 0.524585 0.053370
v  0.000997 0.545870 0.053370
v  0.076693 0.545870 0.053370
v  0.076693 0.545870 0.053370
v  0.076693 0.311713 -0.351555
v  0.076693 0.311738 -0.318377
v  0.076693 0.311738 -0.318377
v  0.076693 0.311738 -0.350262
v  0.076693 0.311738 -0.265270
v  0.076693 0.311738 -0.265270
v  0.076693 0.311738 -0.212164
v  0.076693 0.311738 -0.212164
v  0.076693 0.311738 -0.159057
v  0.076693 0.311738 -0.159057
v  0.076693 0.311738 -0.105950
v  0.076693 0.311738 -0.105950
v  0.076693 0.311738 -0.052843
v  0.076693 0.311738 -0.052843
v  0.076693 0.311738 0.000263
v  0.076693 0.311738 0.000263
v  0.076693 0.333023 -0.318377
v  0.076693 0.333023 -0.348805
v  0.076693 0.333023 -0.265270
v  0.076693 0.333023 -0.212164
v  0.076693 0.333023 -0.159057
v  0.076693 0.333023 -0.105950
v  0.076693 0.333023 -0.052843
v  0.076693 0.333023 0.000263
v  0.076693 0.354308 -0.318377
v  0.076693 0.354308 -0.348805
v  0.063397 0.333023 -0.318377
v  0.063397 0.333023 -0.265270
v  0.063397 0.354308 -0.265270
v  0.063397 0.354308 -0.318377
v  0.063397 0.333023 -0.212164
v  0.063397 0.354308 -0.212164
v  0.076693 0.354308 -0.159057
v  0.076693 0.354308 -0.212164
v  0.076693 0.354308 -0.105950
v  0.076693 0.354308 -0.052843
v  0.076693 0.354308 0.000263
v  0.076693 0.375592 -0.318377
v  0.076693 0.375592 -0.348805
v  0.076693 0.354308 -0.265270
v  0.076693 0.375592 -0.265270
v  0.076693 0.375592 -0.212164
v  0.076693 0.375592 -0.159057
v  0.076693 0.375592 -0.105950
v  0.076693 0.375592 -0.052843
v  0.076693 0.375592 0.000263
v  0.076693 0.396877 -0.318377
v  0.076693 0.396877 -0.348805
v  0.063397 0.375592 -0.318377
v  0.063397 0.375592 -0.265270
v  0.063397 0.396877 -0.265270
v  0.063397 0.396877 -0.318377
v  0.063397 0.375592 -0.212164
v  0.063397 0.396877 -0.212164
v  0.076693 0.396877 -0.159057
v  0.076693 0.396877 -0.212164
v  0.076693 0.396877 -0.105950
v  0.076693 0.396877 -0.052843
v  0.076693 0.396877 0.000263
v  0.076693 0.418162 -0.318377
v  0.076693 0.418162 -0.348805
v  0.076693 0.396877 -0.265270
v  0.076693 0.418162 -0.265270
v  0.076693 0.418162 -0.212164
v  0.076693 0.418162 -0.159057
v  0.076693 0.418162 -0.105950
v  0.076693 0.418162 -0.052843
v  0.076693 0.418162 0.000263
v  0.076693 0.439447 -0.318377
v  0.076693 0.439447 -0.348805
v  0.063397 0.418162 -0.318377
v  0.063397 0.418162 -0.265270
v  0.063397 0.439447 -0.265270
v  0.063397 0.439447 -0.318377
v  0.063397 0.418162 -0.212164
v  0.063397 0.439447 -0.212164
v  0.063397 0.418162 -0.159057
v  0.063397 0.439447 -0.159057
v  0.063397 0.418162 -0.105950
v  0.063397 0.439447 -0.105950
v  0.063397 0.418162 -0.052843
v  0.063397 0.439447 -0.052843
v  0.063397 0.418162 0.000263
v  0.063397 0.439447 0.000263
v  0.076693 0.439447 0.000263
v  0.076693 0.460731 -0.318377
v  0.076693 0.460731 -0.348805
v  0.076693 0.439447 -0.265270
v  0.076693 0.460731 -0.265270
v  0.076693 0.439447 -0.212164
v  0.076693 0.460731 -0.212164
v  0.076693 0.439447 -0.159057
v  0.076693 0.460731 -0.159057
v  0.076693 0.439447 -0.105950
v  0.076693 0.460731 -0.105950
v  0.076693 0.439447 -0.052843
v  0.076693 0.460731 -0.052843
v  0.076693 0.460731 0.000263
v  0.076693 0.482016 -0.318377
v  0.076693 0.482016 -0.348805
v  0.063397 0.460731 -0.318377
v  0.063397 0.460731 -0.265270
v  0.063397 0.482016 -0.265270
v  0.063397 0.482016 -0.318377
v  0.063397 0.460731 -0.212164
v  0.063397 0.482016 -0.212164
v  0.063397 0.460731 -0.159057
v  0.063397 0.482016 -0.159057
v  0.063397 0.460731 -0.105950
v  0.063397 0.482016 -0.105950
v  0.063397 0.460731 -0.052843
v  0.063397 0.482016 -0.052843
v  0.063397 0.460731 0.000263
v  0.063397 0.482016 0.000263
v  0.076693 0.482016 0.000263
v  0.076693 0.503301 -0.318377
v  0.076693 0.503301 -0.348805
v  0.076693 0.482016 -0.265270
v  0.076693 0.503301 -0.265270
v  0.076693 0.482016 -0.212164
v  0.076693 0.503301 -0.212164
v  0.076693 0.482016 -0.159057
v  0.076693 0.503301 -0.159057
v  0.076693 0.482016 -0.105950
v  0.076693 0.503301 -0.105950
v  0.076693 0.482016 -0.052843
v  0.076693 0.503301 -0.052843
v  0.076693 0.503301 0.000263
v  0.076693 0.524585 -0.318377
v  0.076693 0.524585 -0.348805
v  0.063397 0.503301 -0.318377
v  0.063397 0.503301 -0.265270
v  0.063397 0.524585 -0.265270
v  0.063397 0.524585 -0.318377
v  0.063397 0.503301 -0.212164
v  0.063397 0.524585 -0.212164
v  0.063397 0.503301 -0.159057
v  0.063397 0.524585 -0.159057
v  0.063397 0.503301 -0.105950
v  0.063397 0.524585 -0.105950
v  0.063397 0.503301 -0.052843
v  0.063397 0.524585 -0.052843
v  0.063397 0.503301 0.000263
v  0.063397 0.524585 0.000263
v  0.076693 0.524585 0.000263
v  0.076693 0.545870 -0.318377
v  0.076693 0.545870 -0.350262
v  0.076693 0.524585 -0.265270
v  0.076693 0.545870 -0.265270
v  0.076693 0.524585 -0.212164
v  0.076693 0.545870 -0.212164
v  0.076693 0.524585 -0.159057
v  0.076693 0.545870 -0.159057
v  0.076693 0.524585 -0.105950
v  0.076693 0.545870 -0.105950
v  0.076693 0.524585 -0.052843
v  0.076693 0.545870 -0.052843
v  0.076693 0.545870 0.000263
v  0.076693 0.545870 -0.318377
v  0.076693 0.545895 -0.351555
v  0.076693 0.545870 -0.265270
v  0.076693 0.545870 -0.212164
v  0.076693 0.545870 -0.159057
v  0.076693 0.545870 -0.105950
v  0.076693 0.545870 -0.052843
v  0.076693 0.545870 0.000263
v  0.057584 0.545895 -0.371484
v  0.057584 0.311713 -0.371484
v  0.056464 0.311738 -0.371484
v  0.054946 0.333023 -0.371484
v  0.054946 0.354308 -0.371484
v  0.054946 0.375592 -0.371484
v  0.054946 0.396877 -0.371484
v  0.054946 0.418162 -0.371484
v  0.054946 0.439447 -0.371484
v  0.054946 0.460731 -0.371484
v  0.054946 0.482016 -0.371484
v  0.054946 0.503301 -0.371484
v  0.054946 0.524585 -0.371484
v  0.056464 0.545870 -0.371484
v  0.000997 0.311726 -0.371484
v  0.000997 0.333023 -0.371484
v  0.000997 0.354308 -0.371484
v  0.000997 0.375592 -0.371484
v  0.000997 0.418162 -0.371484
v  0.000997 0.482016 -0.371484
v  -0.055778 0.381259 0.474875
v  -0.055778 0.381259 0.469436
v  -0.055778 0.386698 0.469436
v  -0.055778 0.361476 0.469436
v  -0.055778 0.377956 0.478178
v  -0.055778 0.355020 0.501113
v  -0.055778 0.355020 0.469436
v  -0.055778 0.381259 0.434767
v  -0.055778 0.407498 0.434767
v  -0.055778 0.407498 0.448636
v  -0.055778 0.404901 0.451233
v  -0.048857 0.355020 0.469436
v  -0.048857 0.361476 0.469436
v  -0.055778 0.361476 0.434767
v  -0.055778 0.352030 0.504104
v  -0.055778 0.335585 0.504104
v  -0.055778 0.335585 0.469435
v  -0.055778 0.342041 0.469435
v  -0.055778 0.381259 0.400099
v  -0.055778 0.407498 0.400099
v  -0.035317 0.407498 0.434767
v  -0.035317 0.407498 0.448636
v  -0.040122 0.407498 0.448636
v  -0.048857 0.361476 0.434767
v  -0.048857 0.342041 0.469435
v  -0.048857 0.342041 0.434767
v  -0.048857 0.355020 0.434767
v  -0.055778 0.355020 0.434767
v  -0.055778 0.355020 0.400099
v  -0.055778 0.361476 0.400099
v  -0.055778 0.335585 0.520548
v  -0.055778 0.351011 0.505123
v  -0.048974 0.328782 0.504104
v  -0.048974 0.328782 0.469435
v  -0.048974 0.335237 0.469435
v  -0.035317 0.407498 0.400099
v  -0.055778 0.381259 0.365431
v  -0.055778 0.407498 0.365431
v  -0.035317 0.388985 0.434767
v  -0.035317 0.388985 0.467149
v  -0.035317 0.404901 0.451233
v  -0.043005 0.335237 0.469435
v  -0.043005 0.335237 0.434767
v  -0.055778 0.342041 0.434767
v  -0.055778 0.335585 0.434767
v  -0.055778 0.335585 0.400099
v  -0.055778 0.342041 0.400099
v  -0.048857 0.355020 0.400099
v  -0.048857 0.361476 0.400099
v  -0.055778 0.361476 0.365431
v  -0.048974 0.328782 0.527352
v  -0.022796 0.328782 0.504104
v  -0.022796 0.328782 0.469435
v  -0.022796 0.335237 0.469435
v  -0.035317 0.407498 0.365431
v  -0.035317 0.388985 0.400099
v  -0.055778 0.381259 0.330762
v  -0.055778 0.407498 0.330762
v  -0.035317 0.370472 0.434767
v  -0.035317 0.370472 0.469436
v  -0.035317 0.386698 0.469436
v  -0.020490 0.335237 0.469435
v  -0.020490 0.335237 0.434767
v  -0.022796 0.335237 0.434767
v  -0.048974 0.335237 0.434767
v  -0.048974 0.328782 0.434767
v  -0.048974 0.328782 0.400099
v  -0.048974 0.335237 0.400099
v  -0.048857 0.342041 0.400099
v  -0.048857 0.361476 0.365431
v  -0.048857 0.342041 0.365431
v  -0.048857 0.355020 0.365431
v  -0.055778 0.355020 0.365431
v  -0.055778 0.355020 0.330762
v  -0.055778 0.361476 0.330762
v  -0.022796 0.328782 0.527352
v  -0.040122 0.328782 0.527352
v  -0.023214 0.328782 0.527352
v  0.010185 0.328782 0.504104
v  0.010185 0.328782 0.469435
v  0.010185 0.335237 0.469435
v  0.007878 0.335237 0.469435
v  -0.035317 0.407498 0.330762
v  -0.035317 0.388985 0.365431
v  -0.035317 0.370472 0.400099
v  -0.055778 0.381259 0.296094
v  -0.055778 0.407498 0.296094
v  -0.035317 0.356760 0.469435
v  -0.035317 0.356760 0.434767
v  -0.035317 0.370472 0.485662
v  -0.035317 0.377956 0.478178
v  0.007878 0.335237 0.434767
v  0.010185 0.328782 0.434767
v  -0.022796 0.328782 0.434767
v  0.010185 0.335237 0.434767
v  -0.022796 0.328782 0.400099
v  -0.022796 0.335237 0.400099
v  -0.043005 0.335237 0.400099
v  -0.043005 0.335237 0.365431
v  -0.055778 0.342041 0.365431
v  -0.055778 0.335585 0.365431
v  -0.055778 0.335585 0.330762
v  -0.055778 0.342041 0.330762
v  -0.048857 0.355020 0.330762
v  -0.048857 0.361476 0.330762
v  -0.055778 0.361476 0.296094
v  0.010185 0.328782 0.527352
v  -0.006306 0.328782 0.527352
v  0.036362 0.328782 0.504104
v  0.036362 0.328782 0.469435
v  0.036362 0.335237 0.469435
v  0.030394 0.335237 0.469435
v  0.030394 0.335237 0.434767
v  -0.035317 0.407498 0.296094
v  -0.035317 0.388985 0.330762
v  -0.035317 0.370472 0.365431
v  -0.035317 0.356760 0.400099
v  -0.055778 0.381259 0.261426
v  -0.055778 0.407498 0.261426
v  -0.031328 0.351959 0.469435
v  -0.031328 0.351959 0.434767
v  -0.035317 0.356760 0.499374
v  0.036362 0.328782 0.434767
v  0.036362 0.335237 0.434767
v  0.010185 0.328782 0.400099
v  0.010185 0.335237 0.400099
v  0.007878 0.335237 0.400099
v  -0.020490 0.335237 0.400099
v  -0.020490 0.335237 0.365431
v  -0.022796 0.335237 0.365431
v  -0.048974 0.335237 0.365431
v  -0.048974 0.328782 0.365431
v  -0.048974 0.328782 0.330762
v  -0.048974 0.335237 0.330762
v  -0.048857 0.342041 0.330762
v  -0.048857 0.361476 0.296094
v  -0.048857 0.342041 0.296094
v  -0.048857 0.355020 0.296094
v  -0.055778 0.355020 0.296094
v  -0.055778 0.355020 0.261426
v  -0.055778 0.361476 0.261426
v  0.036362 0.328782 0.527352
v  0.010602 0.328782 0.527352
v  0.027510 0.328782 0.527352
v  0.043166 0.335585 0.504104
v  0.043166 0.335585 0.469435
v  0.043166 0.342041 0.469435
v  0.036246 0.342041 0.469435
v  0.036246 0.342041 0.434767
v  -0.035317 0.407498 0.261426
v  -0.035317 0.388985 0.296094
v  -0.035317 0.370472 0.330762
v  -0.035317 0.356760 0.365431
v  -0.031328 0.351959 0.400099
v  -0.055778 0.381259 0.226757
v  -0.055778 0.407498 0.226757
v  -0.015976 0.351959 0.434767
v  -0.015976 0.351959 0.469435
v  -0.031328 0.351959 0.504104
v  -0.031386 0.352030 0.504104
v  0.043166 0.335585 0.434767
v  0.043166 0.342041 0.434767
v  0.036362 0.328782 0.400099
v  0.036362 0.335237 0.400099
v  0.030394 0.335237 0.400099
v  0.030394 0.335237 0.365431
v  0.010185 0.335237 0.365431
v  0.007878 0.335237 0.365431
v  0.010185 0.328782 0.365431
v  -0.022796 0.328782 0.365431
v  -0.022796 0.328782 0.330762
v  -0.022796 0.335237 0.330762
v  -0.043005 0.335237 0.330762
v  -0.043005 0.335237 0.296094
v  -0.055778 0.342041 0.296094
v  -0.055778 0.335585 0.296094
v  -0.055778 0.335585 0.261426
v  -0.055778 0.342041 0.261426
v  -0.048857 0.355020 0.261426
v  -0.048857 0.361476 0.261426
v  -0.055778 0.361476 0.226757
v  0.043166 0.335585 0.520548
v  0.043166 0.355020 0.501113
v  0.043166 0.355020 0.469435
v  0.043166 0.352030 0.504104
v  0.036246 0.355020 0.469435
v  0.036246 0.355020 0.434767
v  0.036246 0.361476 0.469435
v  0.036246 0.361476 0.434767
v  -0.035317 0.407498 0.226757
v  -0.035317 0.388985 0.261426
v  -0.035317 0.370472 0.296094
v  -0.035317 0.356760 0.330762
v  -0.031328 0.351959 0.365431
v  -0.015976 0.351959 0.400099
v  -0.055778 0.381259 0.192089
v  -0.055778 0.407498 0.192089
v  -0.015976 0.351959 0.504104
v  0.003365 0.351959 0.434767
v  0.003365 0.351959 0.469435
v  -0.031328 0.351959 0.504175
v  0.043166 0.342041 0.400099
v  0.043166 0.335585 0.400099
v  0.043166 0.355020 0.434767
v  0.043166 0.355020 0.400099
v  0.036246 0.342041 0.400099
v  0.036246 0.342041 0.365431
v  0.036362 0.328782 0.365431
v  0.036362 0.335237 0.365431
v  0.010185 0.328782 0.330762
v  0.010185 0.335237 0.330762
v  0.007878 0.335237 0.330762
v  -0.020490 0.335237 0.330762
v  -0.020490 0.335237 0.296094
v  -0.022796 0.335237 0.296094
v  -0.048974 0.335237 0.296094
v  -0.048974 0.328782 0.296094
v  -0.048974 0.328782 0.261426
v  -0.048974 0.335237 0.261426
v  -0.048857 0.342041 0.261426
v  -0.048857 0.361476 0.226757
v  -0.048857 0.342041 0.226757
v  -0.048857 0.355020 0.226757
v  -0.055778 0.355020 0.226757
v  -0.055778 0.355020 0.192089
v  -0.055778 0.361476 0.192089
v  0.043166 0.351011 0.505123
v  0.043166 0.361476 0.469435
v  0.043166 0.377956 0.478178
v  0.043166 0.381259 0.474875
v  0.043166 0.381259 0.469435
v  0.043166 0.361476 0.434767
v  -0.035317 0.407498 0.192089
v  -0.035317 0.388985 0.226757
v  -0.035317 0.370472 0.261426
v  -0.035317 0.356760 0.296094
v  -0.031328 0.351959 0.330762
v  -0.015976 0.351959 0.365431
v  0.003365 0.351959 0.400099
v  -0.055778 0.381259 0.157421
v  -0.055778 0.407498 0.157421
v  -0.015976 0.351959 0.504175
v  -0.023214 0.351959 0.504175
v  0.003365 0.351959 0.504104
v  0.018716 0.351959 0.434767
v  0.018716 0.351959 0.469435
v  0.036246 0.355020 0.400099
v  0.043166 0.381259 0.434767
v  0.043166 0.381259 0.400099
v  0.043166 0.361476 0.400099
v  0.036246 0.355020 0.365431
v  0.036246 0.361476 0.400099
v  0.036246 0.361476 0.365431
v  0.043166 0.342041 0.365431
v  0.043166 0.335585 0.365431
v  0.036362 0.328782 0.330762
v  0.036362 0.335237 0.330762
v  0.030394 0.335237 0.330762
v  0.030394 0.335237 0.296094
v  0.010185 0.335237 0.296094
v  0.007878 0.335237 0.296094
v  0.010185 0.328782 0.296094
v  -0.022796 0.328782 0.296094
v  -0.022796 0.328782 0.261426
v  -0.022796 0.335237 0.261426
v  -0.043005 0.335237 0.261426
v  -0.043005 0.335237 0.226757
v  -0.055778 0.342041 0.226757
v  -0.055778 0.335585 0.226757
v  -0.055778 0.335585 0.192089
v  -0.055778 0.342041 0.192089
v  -0.048857 0.355020 0.192089
v  -0.048857 0.361476 0.192089
v  -0.055778 0.361476 0.157421
v  0.043166 0.386698 0.469435
v  -0.035317 0.407498 0.157421
v  -0.035317 0.388985 0.192089
v  -0.035317 0.370472 0.226757
v  -0.035317 0.356760 0.261426
v  -0.031328 0.351959 0.296094
v  -0.015976 0.351959 0.330762
v  0.003365 0.351959 0.365431
v  0.018716 0.351959 0.400099
v  -0.055778 0.381259 0.122752
v  -0.055778 0.407498 0.122752
v  0.003365 0.351959 0.504175
v  -0.006306 0.351959 0.504175
v  0.018716 0.351959 0.504104
v  0.022706 0.356760 0.434767
v  0.022706 0.356760 0.469435
v  0.043166 0.407498 0.434767
v  0.043166 0.407498 0.400099
v  0.043166 0.361476 0.365431
v  0.043166 0.381259 0.365431
v  0.043166 0.355020 0.365431
v  0.043166 0.342041 0.330762
v  0.043166 0.335585 0.330762
v  0.043166 0.355020 0.330762
v  0.036246 0.342041 0.330762
v  0.036246 0.342041 0.296094
v  0.036362 0.328782 0.296094
v  0.036362 0.335237 0.296094
v  0.010185 0.328782 0.261426
v  0.010185 0.335237 0.261426
v  0.007878 0.335237 0.261426
v  -0.020490 0.335237 0.261426
v  -0.020490 0.335237 0.226757
v  -0.022796 0.335237 0.226757
v  -0.048974 0.335237 0.226757
v  -0.048974 0.328782 0.226757
v  -0.048974 0.328782 0.192089
v  -0.048974 0.335237 0.192089
v  -0.048857 0.342041 0.192089
v  -0.048857 0.361476 0.157421
v  -0.048857 0.342041 0.157421
v  -0.048857 0.355020 0.157421
v  -0.055778 0.355020 0.157421
v  -0.055778 0.355020 0.122752
v  -0.055778 0.361476 0.122752
v  0.043166 0.404901 0.451233
v  0.043166 0.407498 0.448636
v  -0.035317 0.407498 0.122752
v  -0.035317 0.388985 0.157421
v  -0.035317 0.370472 0.192089
v  -0.035317 0.356760 0.226757
v  -0.031328 0.351959 0.261426
v  -0.015976 0.351959 0.296094
v  0.003365 0.351959 0.330762
v  0.018716 0.351959 0.365431
v  0.022706 0.356760 0.400099
v  -0.055778 0.381259 0.088084
v  -0.055778 0.407498 0.088084
v  0.018716 0.351959 0.504175
v  0.010602 0.351959 0.504175
v  0.018775 0.352030 0.504104
v  0.022706 0.356760 0.499374
v  0.022706 0.370472 0.434767
v  0.022706 0.370472 0.469435
v  0.022706 0.407498 0.434767
v  0.022706 0.407498 0.400099
v  0.043166 0.407498 0.365431
v  0.043166 0.381259 0.330762
v  0.043166 0.361476 0.330762
v  0.036246 0.355020 0.330762
v  0.036246 0.355020 0.296094
v  0.036246 0.361476 0.330762
v  0.036246 0.361476 0.296094
v  0.043166 0.342041 0.296094
v  0.043166 0.335585 0.296094
v  0.036362 0.328782 0.261426
v  0.036362 0.335237 0.261426
v  0.030394 0.335237 0.261426
v  0.030394 0.335237 0.226757
v  0.010185 0.335237 0.226757
v  0.007878 0.335237 0.226757
v  0.010185 0.328782 0.226757
v  -0.022796 0.328782 0.226757
v  -0.022796 0.328782 0.192089
v  -0.022796 0.335237 0.192089
v  -0.043005 0.335237 0.192089
v  -0.043005 0.335237 0.157421
v  -0.055778 0.342041 0.157421
v  -0.055778 0.335585 0.157421
v  -0.055778 0.335585 0.122752
v  -0.055778 0.342041 0.122752
v  -0.048857 0.355020 0.122752
v  -0.048857 0.361476 0.122752
v  -0.055778 0.361476 0.088084
v  0.022706 0.407498 0.448636
v  0.027510 0.407498 0.448636
v  -0.035317 0.407498 0.088084
v  -0.035317 0.388985 0.122752
v  -0.035317 0.370472 0.157421
v  -0.035317 0.356760 0.192089
v  -0.031328 0.351959 0.226757
v  -0.015976 0.351959 0.261426
v  0.003365 0.351959 0.296094
v  0.018716 0.351959 0.330762
v  0.022706 0.356760 0.365431
v  0.022706 0.370472 0.400099
v  -0.055778 0.381259 0.053416
v  -0.055778 0.407498 0.053416
v  0.022706 0.370472 0.485662
v  0.022706 0.386698 0.469435
v  0.022706 0.388985 0.434767
v  0.022706 0.388985 0.467149
v  0.022706 0.388985 0.400099
v  0.022706 0.407498 0.365431
v  0.043166 0.407498 0.330762
v  0.043166 0.361476 0.296094
v  0.043166 0.381259 0.296094
v  0.043166 0.355020 0.296094
v  0.043166 0.342041 0.261426
v  0.043166 0.335585 0.261426
v  0.043166 0.355020 0.261426
v  0.036246 0.342041 0.261426
v  0.036246 0.342041 0.226757
v  0.036362 0.328782 0.226757
v  0.036362 0.335237 0.226757
v  0.010185 0.328782 0.192089
v  0.010185 0.335237 0.192089
v  0.007878 0.335237 0.192089
v  -0.020490 0.335237 0.192089
v  -0.020490 0.335237 0.157421
v  -0.022796 0.335237 0.157421
v  -0.048974 0.335237 0.157421
v  -0.048974 0.328782 0.157421
v  -0.048974 0.328782 0.122752
v  -0.048974 0.335237 0.122752
v  -0.048857 0.342041 0.122752
v  -0.048857 0.361476 0.088084
v  -0.048857 0.342041 0.088084
v  -0.048857 0.355020 0.088084
v  -0.055778 0.355020 0.088084
v  -0.055778 0.355020 0.053416
v  0.022706 0.404901 0.451233
v  -0.035317 0.407498 0.053416
v  -0.035317 0.388985 0.088084
v  -0.035317 0.370472 0.122752
v  -0.035317 0.356760 0.157421
v  -0.031328 0.351959 0.192089
v  -0.015976 0.351959 0.226757
v  0.003365 0.351959 0.261426
v  0.018716 0.351959 0.296094
v  0.022706 0.356760 0.330762
v  0.022706 0.370472 0.365431
v  -0.035317 0.388985 0.053416
v  -0.035317 0.381259 0.053416
v  0.022706 0.377956 0.478178
v  0.022706 0.388985 0.365431
v  0.022706 0.407498 0.330762
v  0.043166 0.407498 0.296094
v  0.043166 0.381259 0.261426
v  0.043166 0.361476 0.261426
v  0.036246 0.355020 0.261426
v  0.036246 0.355020 0.226757
v  0.036246 0.361476 0.261426
v  0.036246 0.361476 0.226757
v  0.043166 0.342041 0.226757
v  0.043166 0.335585 0.226757
v  0.036362 0.328782 0.192089
v  0.036362 0.335237 0.192089
v  0.030394 0.335237 0.192089
v  0.030394 0.335237 0.157421
v  0.010185 0.335237 0.157421
v  0.007878 0.335237 0.157421
v  0.010185 0.328782 0.157421
v  -0.022796 0.328782 0.157421
v  -0.022796 0.328782 0.122752
v  -0.022796 0.335237 0.122752
v  -0.043005 0.335237 0.122752
v  -0.043005 0.335237 0.088084
v  -0.055778 0.342041 0.088084
v  -0.055778 0.335585 0.088084
v  -0.055778 0.335585 0.053416
v  -0.035317 0.356760 0.053416
v  -0.035317 0.370472 0.053416
v  -0.033872 0.355020 0.053416
v  -0.035317 0.370472 0.088084
v  -0.035317 0.356760 0.122752
v  -0.031328 0.351959 0.157421
v  -0.015976 0.351959 0.192089
v  0.003365 0.351959 0.226757
v  0.018716 0.351959 0.261426
v  0.022706 0.356760 0.296094
v  0.022706 0.370472 0.330762
v  0.022706 0.388985 0.330762
v  0.022706 0.407498 0.296094
v  0.043166 0.407498 0.261426
v  0.043166 0.361476 0.226757
v  0.043166 0.381259 0.226757
v  0.043166 0.355020 0.226757
v  0.043166 0.342041 0.192089
v  0.043166 0.335585 0.192089
v  0.043166 0.355020 0.192089
v  0.036246 0.342041 0.192089
v  0.036246 0.342041 0.157421
v  0.036362 0.328782 0.157421
v  0.036362 0.335237 0.157421
v  0.010185 0.328782 0.122752
v  0.010185 0.335237 0.122752
v  0.007878 0.335237 0.122752
v  -0.020490 0.335237 0.122752
v  -0.020490 0.335237 0.088084
v  -0.022796 0.335237 0.088084
v  -0.048974 0.335237 0.088084
v  -0.048974 0.328782 0.088084
v  -0.048974 0.328782 0.053416
v  -0.031328 0.351959 0.053416
v  -0.022796 0.328782 0.053416
v  -0.022796 0.351959 0.053416
v  -0.031328 0.351959 0.088084
v  -0.035317 0.356760 0.088084
v  -0.031328 0.351959 0.122752
v  -0.015976 0.351959 0.157421
v  0.003365 0.351959 0.192089
v  0.018716 0.351959 0.226757
v  0.022706 0.356760 0.261426
v  0.022706 0.370472 0.296094
v  0.022706 0.388985 0.296094
v  0.022706 0.407498 0.261426
v  0.043166 0.407498 0.226757
v  0.043166 0.381259 0.192089
v  0.043166 0.361476 0.192089
v  0.036246 0.355020 0.192089
v  0.036246 0.355020 0.157421
v  0.036246 0.361476 0.192089
v  0.036246 0.361476 0.157421
v  0.043166 0.342041 0.157421
v  0.043166 0.335585 0.157421
v  0.036362 0.328782 0.122752
v  0.036362 0.335237 0.122752
v  0.030394 0.335237 0.122752
v  0.030394 0.335237 0.088084
v  0.010185 0.335237 0.088084
v  0.007878 0.335237 0.088084
v  0.010185 0.328782 0.088084
v  -0.022796 0.328782 0.088084
v  -0.015976 0.351959 0.053416
v  -0.015976 0.351959 0.088084
v  0.003365 0.351959 0.053416
v  0.010185 0.328782 0.053416
v  0.010185 0.351959 0.053416
v  -0.015976 0.351959 0.122752
v  0.003365 0.351959 0.157421
v  0.018716 0.351959 0.192089
v  0.022706 0.356760 0.226757
v  0.022706 0.370472 0.261426
v  0.022706 0.388985 0.261426
v  0.022706 0.407498 0.226757
v  0.043166 0.407498 0.192089
v  0.043166 0.361476 0.157421
v  0.043166 0.381259 0.157421
v  0.043166 0.355020 0.157421
v  0.043166 0.342041 0.122752
v  0.043166 0.335585 0.122752
v  0.043166 0.355020 0.122752
v  0.036246 0.342041 0.122752
v  0.036246 0.342041 0.088084
v  0.036362 0.328782 0.088084
v  0.036362 0.335237 0.088084
v  0.003365 0.351959 0.088084
v  0.018716 0.351959 0.053416
v  0.018716 0.351959 0.088084
v  0.036362 0.328782 0.053416
v  0.043166 0.335585 0.053416
v  0.043166 0.355020 0.053416
v  0.021260 0.355020 0.053416
v  0.003365 0.351959 0.122752
v  0.018716 0.351959 0.157421
v  0.022706 0.356760 0.192089
v  0.022706 0.370472 0.226757
v  0.022706 0.388985 0.226757
v  0.022706 0.407498 0.192089
v  0.043166 0.407498 0.157421
v  0.043166 0.381259 0.122752
v  0.043166 0.361476 0.122752
v  0.036246 0.355020 0.122752
v  0.036246 0.355020 0.088084
v  0.036246 0.361476 0.122752
v  0.036246 0.361476 0.088084
v  0.043166 0.342041 0.088084
v  0.043166 0.335585 0.088084
v  0.022706 0.356760 0.053416
v  0.022706 0.356760 0.088084
v  0.018716 0.351959 0.122752
v  0.043166 0.355020 0.088084
v  0.022706 0.370472 0.053416
v  0.043166 0.381259 0.053416
v  0.022706 0.381259 0.053416
v  0.022706 0.356760 0.157421
v  0.022706 0.370472 0.192089
v  0.022706 0.388985 0.192089
v  0.022706 0.407498 0.157421
v  0.043166 0.407498 0.122752
v  0.043166 0.361476 0.088084
v  0.043166 0.381259 0.088084
v  0.022706 0.370472 0.088084
v  0.022706 0.356760 0.122752
v  0.022706 0.388985 0.053416
v  0.022706 0.388985 0.088084
v  0.043166 0.407498 0.053416
v  0.022706 0.407498 0.053416
v  0.022706 0.370472 0.157421
v  0.022706 0.388985 0.157421
v  0.022706 0.407498 0.122752
v  0.043166 0.407498 0.088084
v  0.022706 0.370472 0.122752
v  0.022706 0.407498 0.088084
v  0.022706 0.388985 0.122752
v  -0.040122 0.351011 0.505123
v  -0.023214 0.351011 0.505123
v  -0.040122 0.377956 0.478178
v  -0.006306 0.351011 0.505123
v  -0.040122 0.404901 0.451233
v  0.010602 0.351011 0.505123
v  0.027510 0.351011 0.505123
v  0.027510 0.377956 0.478178
v  0.027510 0.404901 0.451233
v  -0.062988 0.477636 0.409492
v  -0.051648 0.477636 0.409492
v  -0.062988 0.477636 0.420832
v  -0.051648 0.477636 0.420832
v  -0.062988 0.386920 0.409492
v  -0.051648 0.386920 0.409492
v  -0.062988 0.386920 0.420832
v  -0.051648 0.386920 0.420832
v  -0.059133 0.402498 0.403823
v  -0.048346 0.402498 0.403823
v  -0.059133 0.402498 0.426502
v  -0.048346 0.402498 0.426502
v  -0.059133 0.379819 0.403823
v  -0.048346 0.379819 0.403823
v  -0.059133 0.379819 0.426502
v  -0.048346 0.379819 0.426502
v  -0.059133 0.484966 0.403823
v  -0.048346 0.484966 0.403823
v  -0.059133 0.484966 0.426502
v  -0.048346 0.484966 0.426502
v  -0.059133 0.462287 0.403823
v  -0.048346 0.462287 0.403823
v  -0.059133 0.462287 0.426502
v  -0.048346 0.462287 0.426502
v  0.060406 0.477636 0.409492
v  0.049067 0.477636 0.409492
v  0.060406 0.477636 0.420832
v  0.049067 0.477636 0.420832
v  0.060406 0.386920 0.409492
v  0.049067 0.386920 0.409492
v  0.060406 0.386920 0.420832
v  0.049067 0.386920 0.420832
v  0.056552 0.402498 0.403823
v  0.045765 0.402498 0.403823
v  0.056552 0.402498 0.426502
v  0.045765 0.402498 0.426502
v  0.056552 0.379819 0.403823
v  0.045765 0.379819 0.403823
v  0.056552 0.379819 0.426502
v  0.045765 0.379819 0.426502
v  0.056552 0.484966 0.403823
v  0.045765 0.484966 0.403823
v  0.056552 0.484966 0.426502
v  0.045765 0.484966 0.426502
v  0.056552 0.462287 0.403823
v  0.045765 0.462287 0.403823
v  0.056552 0.462287 0.426502
v  0.045765 0.462287 0.426502
v  -0.022796 0.534395 0.580421
v  -0.022796 0.534395 0.573440
v  -0.048974 0.534395 0.573440
v  -0.048974 0.534395 0.580421
v  -0.040122 0.534395 0.580421
v  -0.023214 0.534395 0.580421
v  0.010185 0.534395 0.580421
v  0.010185 0.534395 0.573440
v  -0.006306 0.534395 0.580421
v  -0.022796 0.534395 0.538772
v  -0.048974 0.534395 0.538772
v  -0.053004 0.530365 0.573440
v  0.036362 0.534395 0.580421
v  0.036362 0.534395 0.573440
v  0.010602 0.534395 0.580421
v  0.027510 0.534395 0.580421
v  0.010185 0.534395 0.538772
v  -0.022796 0.534395 0.504104
v  -0.048974 0.534395 0.504104
v  -0.055778 0.527592 0.538772
v  -0.055778 0.527592 0.568636
v  0.040392 0.530365 0.573440
v  0.036362 0.534395 0.538772
v  0.010185 0.534395 0.504104
v  -0.022796 0.534395 0.469435
v  -0.048974 0.534395 0.469435
v  -0.055778 0.527592 0.504104
v  -0.055778 0.510350 0.538772
v  -0.055778 0.526844 0.567341
v  0.043166 0.527592 0.568636
v  0.043166 0.527592 0.538772
v  0.036362 0.534395 0.504104
v  0.010185 0.534395 0.469435
v  -0.022796 0.527940 0.469435
v  -0.043005 0.527940 0.469435
v  -0.048974 0.527940 0.469435
v  -0.055778 0.527592 0.469435
v  -0.055778 0.508157 0.504104
v  -0.055778 0.508157 0.534974
v  0.043166 0.510350 0.538772
v  0.043166 0.526844 0.567341
v  0.043166 0.527592 0.504104
v  0.036362 0.534395 0.469435
v  0.010185 0.527940 0.469435
v  0.007878 0.527940 0.469435
v  -0.020490 0.527940 0.469435
v  -0.055778 0.521136 0.469435
v  -0.020490 0.527940 0.434767
v  -0.022796 0.527940 0.434767
v  -0.043005 0.527940 0.434767
v  -0.048857 0.521136 0.469435
v  -0.055778 0.508157 0.469436
v  -0.055778 0.490334 0.504104
v  -0.055778 0.507790 0.534340
v  0.043166 0.508157 0.534974
v  0.043166 0.508157 0.504104
v  0.043166 0.527592 0.469435
v  0.036362 0.527940 0.469435
v  0.030394 0.527940 0.469435
v  0.030394 0.527940 0.434767
v  0.010185 0.527940 0.434767
v  0.007878 0.527940 0.434767
v  0.010185 0.534395 0.434767
v  -0.022796 0.534395 0.434767
v  -0.048974 0.534395 0.434767
v  -0.048974 0.527940 0.434767
v  -0.048857 0.521136 0.434767
v  -0.048857 0.508157 0.469436
v  -0.055778 0.501701 0.469436
v  -0.055778 0.481918 0.469436
v  -0.055778 0.481918 0.489527
v  -0.055778 0.488737 0.501339
v  0.043166 0.490334 0.504104
v  0.043166 0.507790 0.534340
v  0.043166 0.521136 0.469435
v  0.043166 0.508157 0.469435
v  0.036246 0.521136 0.469435
v  0.036246 0.521136 0.434767
v  0.036362 0.534395 0.434767
v  0.036362 0.527940 0.434767
v  0.010185 0.534395 0.400099
v  -0.022796 0.534395 0.400099
v  -0.048974 0.534395 0.400099
v  -0.055778 0.527592 0.434767
v  -0.055778 0.521136 0.434767
v  -0.048857 0.508157 0.434767
v  -0.048857 0.501701 0.434767
v  -0.048857 0.501701 0.469436
v  -0.055778 0.501701 0.434767
v  -0.055778 0.481918 0.434767
v  -0.055778 0.470318 0.469435
v  0.043166 0.501701 0.469435
v  0.043166 0.488737 0.501339
v  0.043166 0.481918 0.489527
v  0.043166 0.481918 0.469435
v  0.036246 0.508157 0.469435
v  0.036246 0.508157 0.434767
v  0.036246 0.501701 0.469435
v  0.036246 0.501701 0.434767
v  0.043166 0.521136 0.434767
v  0.043166 0.527592 0.434767
v  0.036362 0.534395 0.400099
v  0.010185 0.527940 0.400099
v  0.007878 0.527940 0.400099
v  -0.020490 0.527940 0.400099
v  -0.022796 0.527940 0.400099
v  -0.043005 0.527940 0.400099
v  -0.048974 0.527940 0.400099
v  -0.055778 0.527592 0.400099
v  -0.055778 0.521136 0.400099
v  -0.055778 0.508157 0.400099
v  -0.055778 0.508157 0.434767
v  -0.055778 0.501701 0.400099
v  -0.055778 0.481918 0.400099
v  -0.055778 0.455679 0.434767
v  -0.055778 0.455679 0.444080
v  -0.055778 0.469684 0.468338
v  0.043166 0.501701 0.434767
v  0.043166 0.481918 0.434767
v  0.043166 0.470318 0.469435
v  0.043166 0.508157 0.434767
v  0.043166 0.521136 0.400099
v  0.043166 0.527592 0.400099
v  0.043166 0.508157 0.400099
v  0.036362 0.527940 0.400099
v  0.030394 0.527940 0.400099
v  0.030394 0.527940 0.365431
v  0.010185 0.527940 0.365431
v  0.007878 0.527940 0.365431
v  -0.020490 0.527940 0.365431
v  -0.022796 0.527940 0.365431
v  -0.043005 0.527940 0.365431
v  -0.048857 0.521136 0.400099
v  -0.048857 0.508157 0.400099
v  -0.048857 0.501701 0.400099
v  -0.055778 0.501701 0.365431
v  -0.055778 0.481918 0.365431
v  -0.055778 0.455679 0.400099
v  -0.035317 0.455679 0.434767
v  -0.035317 0.455679 0.444080
v  -0.040122 0.455679 0.444080
v  0.043166 0.481918 0.400099
v  0.043166 0.501701 0.400099
v  0.043166 0.469684 0.468338
v  0.043166 0.455679 0.444080
v  0.043166 0.455679 0.434767
v  0.036246 0.508157 0.400099
v  0.036246 0.521136 0.400099
v  0.036246 0.521136 0.365431
v  0.036362 0.534395 0.365431
v  0.010185 0.534395 0.365431
v  0.036362 0.527940 0.365431
v  -0.022796 0.534395 0.365431
v  -0.048974 0.534395 0.365431
v  -0.048974 0.527940 0.365431
v  -0.048857 0.521136 0.365431
v  -0.048857 0.508157 0.365431
v  -0.048857 0.501701 0.365431
v  -0.055778 0.508157 0.365431
v  -0.055778 0.508157 0.330762
v  -0.055778 0.501701 0.330762
v  -0.055778 0.481918 0.330762
v  -0.055778 0.455679 0.365431
v  -0.035317 0.455679 0.400099
v  -0.035317 0.474192 0.434767
v  -0.035317 0.474192 0.469436
v  -0.035317 0.470318 0.469436
v  -0.035317 0.469684 0.468338
v  0.043166 0.455679 0.400099
v  0.043166 0.501701 0.365431
v  0.043166 0.481918 0.365431
v  0.036246 0.501701 0.400099
v  0.022706 0.455679 0.444080
v  0.022706 0.455679 0.434767
v  0.027510 0.455679 0.444080
v  0.036246 0.508157 0.365431
v  0.036246 0.501701 0.365431
v  0.043166 0.521136 0.365431
v  0.043166 0.527592 0.365431
v  0.036362 0.534395 0.330762
v  0.010185 0.534395 0.330762
v  -0.022796 0.534395 0.330762
v  -0.048974 0.534395 0.330762
v  -0.055778 0.527592 0.365431
v  -0.055778 0.521136 0.365431
v  -0.055778 0.527592 0.330762
v  -0.055778 0.521136 0.330762
v  -0.048857 0.508157 0.330762
v  -0.048857 0.501701 0.330762
v  -0.055778 0.501701 0.296094
v  -0.055778 0.481918 0.296094
v  -0.055778 0.455679 0.330762
v  -0.035317 0.455679 0.365431
v  -0.035317 0.474192 0.400099
v  -0.035317 0.492705 0.469436
v  -0.035317 0.492705 0.434767
v  -0.035317 0.474192 0.476145
v  0.022706 0.455679 0.400099
v  0.043166 0.455679 0.365431
v  0.043166 0.481918 0.330762
v  0.043166 0.501701 0.330762
v  0.043166 0.508157 0.330762
v  0.043166 0.508157 0.365431
v  0.022706 0.470318 0.469435
v  0.022706 0.474192 0.469435
v  0.022706 0.474192 0.434767
v  0.022706 0.469684 0.468338
v  0.043166 0.521136 0.330762
v  0.043166 0.527592 0.330762
v  0.036362 0.527940 0.330762
v  0.030394 0.527940 0.330762
v  0.010185 0.527940 0.330762
v  0.007878 0.527940 0.330762
v  -0.020490 0.527940 0.330762
v  -0.022796 0.527940 0.330762
v  -0.043005 0.527940 0.330762
v  -0.048974 0.527940 0.330762
v  -0.048857 0.521136 0.330762
v  -0.048857 0.501701 0.296094
v  -0.048857 0.521136 0.296094
v  -0.048857 0.508157 0.296094
v  -0.055778 0.508157 0.296094
v  -0.055778 0.508157 0.261426
v  -0.055778 0.501701 0.261426
v  -0.055778 0.481918 0.261426
v  -0.055778 0.455679 0.296094
v  -0.035317 0.455679 0.330762
v  -0.035317 0.474192 0.365431
v  -0.035317 0.492705 0.400099
v  -0.035317 0.506417 0.469435
v  -0.035317 0.506417 0.434767
v  -0.035317 0.492705 0.504104
v  -0.035317 0.490334 0.504104
v  -0.035317 0.488737 0.501339
v  0.022706 0.474192 0.400099
v  0.022706 0.455679 0.365431
v  0.043166 0.455679 0.330762
v  0.043166 0.501701 0.296094
v  0.043166 0.481918 0.296094
v  0.036246 0.501701 0.330762
v  0.036246 0.508157 0.330762
v  0.022706 0.474192 0.476145
v  0.022706 0.492705 0.469435
v  0.022706 0.492705 0.434767
v  0.036246 0.521136 0.330762
v  0.030394 0.527940 0.296094
v  0.010185 0.527940 0.296094
v  0.007878 0.527940 0.296094
v  -0.020490 0.527940 0.296094
v  -0.022796 0.527940 0.296094
v  -0.043005 0.527940 0.296094
v  -0.055778 0.521136 0.296094
v  -0.055778 0.527592 0.296094
v  -0.055778 0.527592 0.261426
v  -0.055778 0.521136 0.261426
v  -0.048857 0.508157 0.261426
v  -0.048857 0.501701 0.261426
v  -0.055778 0.501701 0.226757
v  -0.055778 0.481918 0.226757
v  -0.055778 0.455679 0.261426
v  -0.035317 0.455679 0.296094
v  -0.035317 0.474192 0.330762
v  -0.035317 0.492705 0.365431
v  -0.035317 0.506417 0.400099
v  -0.031328 0.511218 0.469435
v  -0.031328 0.511218 0.434767
v  -0.035317 0.506417 0.504104
v  -0.035317 0.492705 0.508211
v  0.022706 0.492705 0.400099
v  0.022706 0.474192 0.365431
v  0.022706 0.455679 0.330762
v  0.043166 0.455679 0.296094
v  0.043166 0.481918 0.261426
v  0.043166 0.501701 0.261426
v  0.043166 0.508157 0.261426
v  0.043166 0.508157 0.296094
v  0.036246 0.501701 0.296094
v  0.036246 0.508157 0.296094
v  0.036246 0.521136 0.296094
v  0.022706 0.492705 0.504104
v  0.022706 0.488737 0.501339
v  0.022706 0.490334 0.504104
v  0.022706 0.506417 0.469435
v  0.022706 0.506417 0.434767
v  0.036362 0.534395 0.296094
v  0.010185 0.534395 0.296094
v  0.036362 0.527940 0.296094
v  -0.022796 0.534395 0.296094
v  -0.048974 0.534395 0.296094
v  -0.048974 0.527940 0.296094
v  -0.048974 0.534395 0.261426
v  -0.048974 0.527940 0.261426
v  -0.048857 0.521136 0.261426
v  -0.048857 0.501701 0.226757
v  -0.048857 0.521136 0.226757
v  -0.048857 0.508157 0.226757
v  -0.055778 0.508157 0.226757
v  -0.055778 0.508157 0.192089
v  -0.055778 0.501701 0.192089
v  -0.055778 0.481918 0.192089
v  -0.055778 0.455679 0.226757
v  -0.035317 0.455679 0.261426
v  -0.035317 0.474192 0.296094
v  -0.035317 0.492705 0.330762
v  -0.035317 0.506417 0.365431
v  -0.031328 0.511218 0.400099
v  -0.015976 0.511218 0.434767
v  -0.015976 0.511218 0.469435
v  -0.031328 0.511218 0.504104
v  -0.035317 0.506417 0.531961
v  0.022706 0.506417 0.400099
v  0.022706 0.492705 0.365431
v  0.022706 0.474192 0.330762
v  0.022706 0.455679 0.296094
v  0.043166 0.455679 0.261426
v  0.043166 0.501701 0.226757
v  0.043166 0.481918 0.226757
v  0.036246 0.501701 0.261426
v  0.036246 0.508157 0.261426
v  0.043166 0.521136 0.261426
v  0.043166 0.527592 0.261426
v  0.043166 0.527592 0.296094
v  0.043166 0.521136 0.296094
v  0.022706 0.492705 0.508211
v  0.022706 0.506417 0.504104
v  0.018716 0.511218 0.469435
v  0.018716 0.511218 0.434767
v  0.036362 0.534395 0.261426
v  0.010185 0.534395 0.261426
v  -0.022796 0.534395 0.261426
v  -0.022796 0.527940 0.261426
v  -0.043005 0.527940 0.261426
v  -0.043005 0.527940 0.226757
v  -0.055778 0.521136 0.226757
v  -0.055778 0.527592 0.226757
v  -0.055778 0.527592 0.192089
v  -0.055778 0.521136 0.192089
v  -0.048857 0.508157 0.192089
v  -0.048857 0.501701 0.192089
v  -0.055778 0.501701 0.157421
v  -0.055778 0.481918 0.157421
v  -0.055778 0.455679 0.192089
v  -0.035317 0.455679 0.226757
v  -0.035317 0.474192 0.261426
v  -0.035317 0.492705 0.296094
v  -0.035317 0.506417 0.330762
v  -0.031328 0.511218 0.365431
v  -0.015976 0.511218 0.400099
v  -0.015976 0.511218 0.504104
v  0.003365 0.511218 0.434767
v  0.003365 0.511218 0.469435
v  -0.031328 0.511218 0.538772
v  -0.032049 0.510350 0.538772
v  -0.034176 0.507790 0.534340
v  0.018716 0.511218 0.400099
v  0.022706 0.506417 0.365431
v  0.022706 0.492705 0.330762
v  0.022706 0.474192 0.296094
v  0.022706 0.455679 0.261426
v  0.043166 0.455679 0.226757
v  0.043166 0.481918 0.192089
v  0.043166 0.501701 0.192089
v  0.043166 0.508157 0.192089
v  0.043166 0.508157 0.226757
v  0.036246 0.501701 0.226757
v  0.036246 0.521136 0.261426
v  0.036246 0.508157 0.226757
v  0.036246 0.521136 0.226757
v  0.036362 0.527940 0.261426
v  0.022706 0.506417 0.531961
v  0.018716 0.511218 0.504104
v  0.030394 0.527940 0.261426
v  0.010185 0.527940 0.261426
v  0.007878 0.527940 0.261426
v  -0.020490 0.527940 0.261426
v  -0.020490 0.527940 0.226757
v  -0.022796 0.527940 0.226757
v  -0.048974 0.527940 0.226757
v  -0.048974 0.534395 0.226757
v  -0.048974 0.534395 0.192089
v  -0.048974 0.527940 0.192089
v  -0.048857 0.521136 0.192089
v  -0.048857 0.501701 0.157421
v  -0.048857 0.521136 0.157421
v  -0.048857 0.508157 0.157421
v  -0.055778 0.508157 0.157421
v  -0.055778 0.508157 0.122752
v  -0.055778 0.501701 0.122752
v  -0.055778 0.481918 0.122752
v  -0.055778 0.455679 0.157421
v  -0.035317 0.455679 0.192089
v  -0.035317 0.474192 0.226757
v  -0.035317 0.492705 0.261426
v  -0.035317 0.506417 0.296094
v  -0.031328 0.511218 0.330762
v  -0.015976 0.511218 0.365431
v  0.003365 0.511218 0.400099
v  -0.015976 0.511218 0.538772
v  0.003365 0.511218 0.504104
v  -0.031328 0.511218 0.540276
v  0.018716 0.511218 0.365431
v  0.022706 0.506417 0.330762
v  0.022706 0.492705 0.296094
v  0.022706 0.474192 0.261426
v  0.022706 0.455679 0.226757
v  0.043166 0.455679 0.192089
v  0.043166 0.501701 0.157421
v  0.043166 0.481918 0.157421
v  0.036246 0.501701 0.192089
v  0.036246 0.508157 0.192089
v  0.043166 0.521136 0.192089
v  0.043166 0.527592 0.192089
v  0.043166 0.527592 0.226757
v  0.043166 0.521136 0.226757
v  0.030394 0.527940 0.226757
v  0.018716 0.511218 0.538772
v  0.021565 0.507790 0.534340
v  0.019438 0.510350 0.538772
v  0.010185 0.527940 0.226757
v  0.007878 0.527940 0.226757
v  0.010185 0.534395 0.226757
v  -0.022796 0.534395 0.226757
v  -0.022796 0.534395 0.192089
v  -0.022796 0.527940 0.192089
v  -0.043005 0.527940 0.192089
v  -0.043005 0.527940 0.157421
v  -0.055778 0.521136 0.157421
v  -0.055778 0.527592 0.157421
v  -0.055778 0.527592 0.122752
v  -0.055778 0.521136 0.122752
v  -0.048857 0.508157 0.122752
v  -0.048857 0.501701 0.122752
v  -0.055778 0.501701 0.088084
v  -0.055778 0.481918 0.088084
v  -0.055778 0.455679 0.122752
v  -0.035317 0.455679 0.157421
v  -0.035317 0.474192 0.192089
v  -0.035317 0.492705 0.226757
v  -0.035317 0.506417 0.261426
v  -0.031328 0.511218 0.296094
v  -0.015976 0.511218 0.330762
v  0.003365 0.511218 0.365431
v  -0.015976 0.511218 0.540276
v  -0.023214 0.511218 0.540276
v  0.003365 0.511218 0.538772
v  0.018716 0.511218 0.330762
v  0.022706 0.506417 0.296094
v  0.022706 0.492705 0.261426
v  0.022706 0.474192 0.226757
v  0.022706 0.455679 0.192089
v  0.043166 0.455679 0.157421
v  0.043166 0.481918 0.122752
v  0.043166 0.501701 0.122752
v  0.043166 0.508157 0.122752
v  0.043166 0.508157 0.157421
v  0.036246 0.501701 0.157421
v  0.036246 0.521136 0.192089
v  0.036246 0.508157 0.157421
v  0.036246 0.521136 0.157421
v  0.036362 0.534395 0.192089
v  0.036362 0.527940 0.192089
v  0.036362 0.534395 0.226757
v  0.036362 0.527940 0.226757
v  0.018716 0.511218 0.540276
v  0.010185 0.534395 0.192089
v  0.010185 0.527940 0.192089
v  0.007878 0.527940 0.192089
v  -0.020490 0.527940 0.192089
v  -0.020490 0.527940 0.157421
v  -0.022796 0.527940 0.157421
v  -0.048974 0.527940 0.157421
v  -0.048974 0.534395 0.157421
v  -0.048974 0.534395 0.122752
v  -0.048974 0.527940 0.122752
v  -0.048857 0.521136 0.122752
v  -0.048857 0.501701 0.088084
v  -0.048857 0.521136 0.088084
v  -0.048857 0.508157 0.088084
v  -0.055778 0.508157 0.088084
v  -0.055778 0.508157 0.053416
v  -0.055778 0.481918 0.053416
v  -0.055778 0.455679 0.088084
v  -0.035317 0.455679 0.122752
v  -0.035317 0.474192 0.157421
v  -0.035317 0.492705 0.192089
v  -0.035317 0.506417 0.226757
v  -0.031328 0.511218 0.261426
v  -0.015976 0.511218 0.296094
v  0.003365 0.511218 0.330762
v  0.003365 0.511218 0.540276
v  -0.006306 0.511218 0.540276
v  0.018716 0.511218 0.296094
v  0.022706 0.506417 0.261426
v  0.022706 0.492705 0.226757
v  0.022706 0.474192 0.192089
v  0.022706 0.455679 0.157421
v  0.043166 0.455679 0.122752
v  0.043166 0.501701 0.088084
v  0.043166 0.481918 0.088084
v  0.036246 0.501701 0.122752
v  0.036246 0.508157 0.122752
v  0.043166 0.521136 0.122752
v  0.043166 0.527592 0.122752
v  0.043166 0.527592 0.157421
v  0.043166 0.521136 0.157421
v  0.030394 0.527940 0.192089
v  0.030394 0.527940 0.157421
v  0.010602 0.511218 0.540276
v  0.010185 0.527940 0.157421
v  0.007878 0.527940 0.157421
v  0.010185 0.534395 0.157421
v  -0.022796 0.534395 0.157421
v  -0.022796 0.534395 0.122752
v  -0.022796 0.527940 0.122752
v  -0.043005 0.527940 0.122752
v  -0.043005 0.527940 0.088084
v  -0.055778 0.521136 0.088084
v  -0.055778 0.527592 0.088084
v  -0.055778 0.527592 0.053416
v  -0.035317 0.506417 0.053416
v  -0.035317 0.492705 0.053416
v  -0.035317 0.481918 0.053416
v  -0.033872 0.508157 0.053416
v  -0.055778 0.455679 0.053416
v  -0.035317 0.455679 0.088084
v  -0.035317 0.474192 0.122752
v  -0.035317 0.492705 0.157421
v  -0.035317 0.506417 0.192089
v  -0.031328 0.511218 0.226757
v  -0.015976 0.511218 0.261426
v  0.003365 0.511218 0.296094
v  0.018716 0.511218 0.261426
v  0.022706 0.506417 0.226757
v  0.022706 0.492705 0.192089
v  0.022706 0.474192 0.157421
v  0.022706 0.455679 0.122752
v  0.043166 0.455679 0.088084
v  0.043166 0.481918 0.053416
v  0.043166 0.508157 0.053416
v  0.043166 0.508157 0.088084
v  0.036246 0.501701 0.088084
v  0.036246 0.521136 0.122752
v  0.036246 0.508157 0.088084
v  0.036246 0.521136 0.088084
v  0.036362 0.534395 0.122752
v  0.036362 0.527940 0.122752
v  0.036362 0.534395 0.157421
v  0.036362 0.527940 0.157421
v  0.010185 0.534395 0.122752
v  0.010185 0.527940 0.122752
v  0.007878 0.527940 0.122752
v  -0.020490 0.527940 0.122752
v  -0.020490 0.527940 0.088084
v  -0.022796 0.527940 0.088084
v  -0.048974 0.527940 0.088084
v  -0.048974 0.534395 0.088084
v  -0.048974 0.534395 0.053416
v  -0.031328 0.511218 0.053416
v  -0.022796 0.534395 0.053416
v  -0.022796 0.511218 0.053416
v  -0.031328 0.511218 0.088084
v  -0.035317 0.506417 0.088084
v  -0.035317 0.492705 0.088084
v  -0.035317 0.474192 0.088084
v  -0.035317 0.474192 0.053416
v  -0.035317 0.455679 0.053416
v  -0.035317 0.492705 0.122752
v  -0.035317 0.506417 0.157421
v  -0.031328 0.511218 0.192089
v  -0.015976 0.511218 0.226757
v  0.003365 0.511218 0.261426
v  0.018716 0.511218 0.226757
v  0.022706 0.506417 0.192089
v  0.022706 0.492705 0.157421
v  0.022706 0.474192 0.122752
v  0.022706 0.455679 0.088084
v  0.043166 0.455679 0.053416
v  0.022706 0.492705 0.053416
v  0.022706 0.506417 0.053416
v  0.021260 0.508157 0.053416
v  0.022706 0.481918 0.053416
v  0.043166 0.521136 0.088084
v  0.043166 0.527592 0.053416
v  0.043166 0.527592 0.088084
v  0.030394 0.527940 0.122752
v  0.030394 0.527940 0.088084
v  0.010185 0.527940 0.088084
v  0.007878 0.527940 0.088084
v  0.010185 0.534395 0.088084
v  -0.022796 0.534395 0.088084
v  -0.015976 0.511218 0.053416
v  -0.015976 0.511218 0.088084
v  0.003365 0.511218 0.053416
v  0.010185 0.534395 0.053416
v  0.010185 0.511218 0.053416
v  -0.031328 0.511218 0.122752
v  -0.035317 0.506417 0.122752
v  -0.031328 0.511218 0.157421
v  -0.015976 0.511218 0.192089
v  0.003365 0.511218 0.226757
v  0.018716 0.511218 0.192089
v  0.022706 0.506417 0.157421
v  0.022706 0.492705 0.122752
v  0.022706 0.474192 0.088084
v  0.022706 0.455679 0.053416
v  0.022706 0.474192 0.053416
v  0.022706 0.492705 0.088084
v  0.022706 0.506417 0.088084
v  0.018716 0.511218 0.088084
v  0.018716 0.511218 0.053416
v  0.036362 0.534395 0.053416
v  0.036362 0.534395 0.088084
v  0.036362 0.527940 0.088084
v  0.003365 0.511218 0.088084
v  -0.015976 0.511218 0.122752
v  -0.015976 0.511218 0.157421
v  0.003365 0.511218 0.192089
v  0.018716 0.511218 0.157421
v  0.022706 0.506417 0.122752
v  0.018716 0.511218 0.122752
v  0.003365 0.511218 0.122752
v  0.003365 0.511218 0.157421
v  -0.040122 0.526844 0.567341
v  -0.023214 0.526844 0.567341
v  -0.040122 0.507790 0.534340
v  -0.006306 0.526844 0.567341
v  -0.040122 0.488737 0.501339
v  0.010602 0.526844 0.567341
v  -0.040122 0.469684 0.468338
v  0.027510 0.526844 0.567341
v  0.027510 0.507790 0.534340
v  0.027510 0.488737 0.501339
v  0.027510 0.469684 0.468338
v  0.060406 0.477636 0.314228
v  0.049067 0.477636 0.314228
v  0.060406 0.477636 0.325567
v  0.049067 0.477636 0.325567
v  0.060406 0.386920 0.314228
v  0.049067 0.386920 0.314228
v  0.060406 0.386920 0.325567
v  0.049067 0.386920 0.325567
v  0.056552 0.402498 0.308558
v  0.045765 0.402498 0.308558
v  0.056552 0.402498 0.331237
v  0.045765 0.402498 0.331237
v  0.056552 0.379819 0.308558
v  0.045765 0.379819 0.308558
v  0.056552 0.379819 0.331237
v  0.045765 0.379819 0.331237
v  0.056552 0.484966 0.308558
v  0.045765 0.484966 0.308558
v  0.056552 0.484966 0.331237
v  0.045765 0.484966 0.331237
v  0.056552 0.462287 0.308558
v  0.045765 0.462287 0.308558
v  0.056552 0.462287 0.331237
v  0.045765 0.462287 0.331237
v  -0.062988 0.477636 0.361384
v  -0.051648 0.477636 0.361384
v  -0.062988 0.477636 0.372724
v  -0.051648 0.477636 0.372724
v  -0.062988 0.386920 0.361384
v  -0.051648 0.386920 0.361384
v  -0.062988 0.386920 0.372724
v  -0.051648 0.386920 0.372724
v  -0.059133 0.402498 0.355714
v  -0.048346 0.402498 0.355714
v  -0.059133 0.402498 0.378393
v  -0.048346 0.402498 0.378393
v  -0.059133 0.379819 0.355714
v  -0.048346 0.379819 0.355714
v  -0.059133 0.379819 0.378393
v  -0.048346 0.379819 0.378393
v  -0.059133 0.484966 0.355714
v  -0.048346 0.484966 0.355714
v  -0.059133 0.484966 0.378393
v  -0.048346 0.484966 0.378393
v  -0.059133 0.462287 0.355714
v  -0.048346 0.462287 0.355714
v  -0.059133 0.462287 0.378393
v  -0.048346 0.462287 0.378393
v  0.060406 0.477636 0.266119
v  0.049067 0.477636 0.266119
v  0.060406 0.477636 0.277459
v  0.049067 0.477636 0.277459
v  0.060406 0.386920 0.266119
v  0.049067 0.386920 0.266119
v  0.060406 0.386920 0.277459
v  0.049067 0.386920 0.277459
v  0.056552 0.402498 0.260450
v  0.045765 0.402498 0.260450
v  0.056552 0.402498 0.283129
v  0.045765 0.402498 0.283129
v  0.056552 0.379819 0.260450
v  0.045765 0.379819 0.260450
v  0.056552 0.379819 0.283129
v  0.045765 0.379819 0.283129
v  0.056552 0.484966 0.260450
v  0.045765 0.484966 0.260450
v  0.056552 0.484966 0.283129
v  0.045765 0.484966 0.283129
v  0.056552 0.462287 0.260450
v  0.045765 0.462287 0.260450
v  0.056552 0.462287 0.283129
v  0.045765 0.462287 0.283129
v  -0.062988 0.477636 0.314228
v  -0.051648 0.477636 0.314228
v  -0.062988 0.477636 0.325567
v  -0.051648 0.477636 0.325567
v  -0.062988 0.386920 0.314228
v  -0.051648 0.386920 0.314228
v  -0.062988 0.386920 0.325567
v  -0.051648 0.386920 0.325567
v  -0.059133 0.402498 0.308558
v  -0.048346 0.402498 0.308558
v  -0.059133 0.402498 0.331237
v  -0.048346 0.402498 0.331237
v  -0.059133 0.379819 0.308558
v  -0.048346 0.379819 0.308558
v  -0.059133 0.379819 0.331237
v  -0.048346 0.379819 0.331237
v  -0.059133 0.484966 0.308558
v  -0.048346 0.484966 0.308558
v  -0.059133 0.484966 0.331237
v  -0.048346 0.484966 0.331237
v  -0.059133 0.462287 0.308558
v  -0.048346 0.462287 0.308558
v  -0.059133 0.462287 0.331237
v  -0.048346 0.462287 0.331237
v  -0.062988 0.477636 0.266119
v  -0.051648 0.477636 0.266119
v  -0.062988 0.477636 0.277459
v  -0.051648 0.477636 0.277459
v  -0.062988 0.386920 0.266119
v  -0.051648 0.386920 0.266119
v  -0.062988 0.386920 0.277459
v  -0.051648 0.386920 0.277459
v  -0.059133 0.402498 0.260450
v  -0.048346 0.402498 0.260450
v  -0.059133 0.402498 0.283129
v  -0.048346 0.402498 0.283129
v  -0.059133 0.379819 0.260450
v  -0.048346 0.379819 0.260450
v  -0.059133 0.379819 0.283129
v  -0.048346 0.379819 0.283129
v  -0.059133 0.484966 0.260450
v  -0.048346 0.484966 0.260450
v  -0.059133 0.484966 0.283129
v  -0.048346 0.484966 0.283129
v  -0.059133 0.462287 0.260450
v  -0.048346 0.462287 0.260450
v  -0.059133 0.462287 0.283129
v  -0.048346 0.462287 0.283129
v  -0.062988 0.477636 0.172272
v  -0.051648 0.477636 0.172272
v  -0.062988 0.477636 0.183611
v  -0.051648 0.477636 0.183611
v  -0.062988 0.386920 0.172272
v  -0.051648 0.386920 0.172272
v  -0.062988 0.386920 0.183611
v  -0.051648 0.386920 0.183611
v  -0.059133 0.402498 0.166602
v  -0.048346 0.402498 0.166602
v  -0.059133 0.402498 0.189281
v  -0.048346 0.402498 0.189281
v  -0.059133 0.379819 0.166602
v  -0.048346 0.379819 0.166602
v  -0.059133 0.379819 0.189281
v  -0.048346 0.379819 0.189281
v  -0.059133 0.484966 0.166602
v  -0.048346 0.484966 0.166602
v  -0.059133 0.484966 0.189281
v  -0.048346 0.484966 0.189281
v  -0.059133 0.462287 0.166602
v  -0.048346 0.462287 0.166602
v  -0.059133 0.462287 0.189281
v  -0.048346 0.462287 0.189281
v  -0.062988 0.477636 0.125115
v  -0.051648 0.477636 0.125115
v  -0.062988 0.477636 0.136455
v  -0.051648 0.477636 0.136455
v  -0.062988 0.386920 0.125115
v  -0.051648 0.386920 0.125115
v  -0.062988 0.386920 0.136455
v  -0.051648 0.386920 0.136455
v  -0.059133 0.402498 0.119445
v  -0.048346 0.402498 0.119445
v  -0.059133 0.402498 0.142124
v  -0.048346 0.402498 0.142124
v  -0.059133 0.379819 0.119445
v  -0.048346 0.379819 0.119445
v  -0.059133 0.379819 0.142124
v  -0.048346 0.379819 0.142124
v  -0.059133 0.484966 0.119445
v  -0.048346 0.484966 0.119445
v  -0.059133 0.484966 0.142124
v  -0.048346 0.484966 0.142124
v  -0.059133 0.462287 0.119445
v  -0.048346 0.462287 0.119445
v  -0.059133 0.462287 0.142124
v  -0.048346 0.462287 0.142124
v  -0.062988 0.477636 0.077007
v  -0.051648 0.477636 0.077007
v  -0.062988 0.477636 0.088347
v  -0.051648 0.477636 0.088347
v  -0.062988 0.386920 0.077007
v  -0.051648 0.386920 0.077007
v  -0.062988 0.386920 0.088347
v  -0.051648 0.386920 0.088347
v  -0.059133 0.402498 0.071337
v  -0.048346 0.402498 0.071337
v  -0.059133 0.402498 0.094016
v  -0.048346 0.402498 0.094016
v  -0.059133 0.379819 0.071337
v  -0.048346 0.379819 0.071337
v  -0.059133 0.379819 0.094016
v  -0.048346 0.379819 0.094016
v  -0.059133 0.484966 0.071337
v  -0.048346 0.484966 0.071337
v  -0.059133 0.484966 0.094016
v  -0.048346 0.484966 0.094016
v  -0.059133 0.462287 0.071337
v  -0.048346 0.462287 0.071337
v  -0.059133 0.462287 0.094016
v  -0.048346 0.462287 0.094016
v  -0.062988 0.477636 0.220380
v  -0.051648 0.477636 0.220380
v  -0.062988 0.477636 0.231719
v  -0.051648 0.477636 0.231719
v  -0.062988 0.386920 0.220380
v  -0.051648 0.386920 0.220380
v  -0.062988 0.386920 0.231719
v  -0.051648 0.386920 0.231719
v  -0.059133 0.402498 0.214710
v  -0.048346 0.402498 0.214710
v  -0.059133 0.402498 0.237389
v  -0.048346 0.402498 0.237389
v  -0.059133 0.379819 0.214710
v  -0.048346 0.379819 0.214710
v  -0.059133 0.379819 0.237389
v  -0.048346 0.379819 0.237389
v  -0.059133 0.484966 0.214710
v  -0.048346 0.484966 0.214710
v  -0.059133 0.484966 0.237389
v  -0.048346 0.484966 0.237389
v  -0.059133 0.462287 0.214710
v  -0.048346 0.462287 0.214710
v  -0.059133 0.462287 0.237389
v  -0.048346 0.462287 0.237389
v  0.060406 0.477636 0.220380
v  0.049067 0.477636 0.220380
v  0.060406 0.477636 0.231719
v  0.049067 0.477636 0.231719
v  0.060406 0.386920 0.220380
v  0.049067 0.386920 0.220380
v  0.060406 0.386920 0.231719
v  0.049067 0.386920 0.231719
v  0.056552 0.402498 0.214710
v  0.045765 0.402498 0.214710
v  0.056552 0.402498 0.237389
v  0.045765 0.402498 0.237389
v  0.056552 0.379819 0.214710
v  0.045765 0.379819 0.214710
v  0.056552 0.379819 0.237389
v  0.045765 0.379819 0.237389
v  0.056552 0.484966 0.214710
v  0.045765 0.484966 0.214710
v  0.056552 0.484966 0.237389
v  0.045765 0.484966 0.237389
v  0.056552 0.462287 0.214710
v  0.045765 0.462287 0.214710
v  0.056552 0.462287 0.237389
v  0.045765 0.462287 0.237389
v  0.060406 0.477636 0.172272
v  0.049067 0.477636 0.172272
v  0.060406 0.477636 0.183611
v  0.049067 0.477636 0.183611
v  0.060406 0.386920 0.172272
v  0.049067 0.386920 0.172272
v  0.060406 0.386920 0.183611
v  0.049067 0.386920 0.183611
v  0.056552 0.402498 0.166602
v  0.045765 0.402498 0.166602
v  0.056552 0.402498 0.189281
v  0.045765 0.402498 0.189281
v  0.056552 0.379819 0.166602
v  0.045765 0.379819 0.166602
v  0.056552 0.379819 0.189281
v  0.045765 0.379819 0.189281
v  0.056552 0.484966 0.166602
v  0.045765 0.484966 0.166602
v  0.056552 0.484966 0.189281
v  0.045765 0.484966 0.189281
v  0.056552 0.462287 0.166602
v  0.045765 0.462287 0.166602
v  0.056552 0.462287 0.189281
v  0.045765 0.462287 0.189281
v  0.060406 0.477636 0.125115
v  0.049067 0.477636 0.125115
v  0.060406 0.477636 0.136455
v  0.049067 0.477636 0.136455
v  0.060406 0.386920 0.125115
v  0.049067 0.386920 0.125115
v  0.060406 0.386920 0.136455
v  0.049067 0.386920 0.136455
v  0.056552 0.402498 0.119445
v  0.045765 0.402498 0.119445
v  0.056552 0.402498 0.142124
v  0.045765 0.402498 0.142124
v  0.056552 0.379819 0.119445
v  0.045765 0.379819 0.119445
v  0.056552 0.379819 0.142124
v  0.045765 0.379819 0.142124
v  0.056552 0.484966 0.119445
v  0.045765 0.484966 0.119445
v  0.056552 0.484966 0.142124
v  0.045765 0.484966 0.142124
v  0.056552 0.462287 0.119445
v  0.045765 0.462287 0.119445
v  0.056552 0.462287 0.142124
v  0.045765 0.462287 0.142124
v  0.060406 0.477636 0.077007
v  0.049067 0.477636 0.077007
v  0.060406 0.477636 0.088347
v  0.049067 0.477636 0.088347
v  0.060406 0.386920 0.077007
v  0.049067 0.386920 0.077007
v  0.060406 0.386920 0.088347
v  0.049067 0.386920 0.088347
v  0.056552 0.402498 0.071337
v  0.045765 0.402498 0.071337
v  0.056552 0.402498 0.094016
v  0.045765 0.402498 0.094016
v  0.056552 0.379819 0.071337
v  0.045765 0.379819 0.071337
v  0.056552 0.379819 0.094016
v  0.045765 0.379819 0.094016
v  0.056552 0.484966 0.071337
v  0.045765 0.484966 0.071337
v  0.056552 0.484966 0.094016
v  0.045765 0.484966 0.094016
v  0.056552 0.462287 0.071337
v  0.045765 0.462287 0.071337
v  0.056552 0.462287 0.094016
v  0.045765 0.462287 0.094016
v  0.060406 0.477636 0.361384
v  0.049067 0.477636 0.361384
v  0.060406 0.477636 0.372724
v  0.049067 0.477636 0.372724
v  0.060406 0.386920 0.361384
v  0.049067 0.386920 0.361384
v  0.060406 0.386920 0.372724
v  0.049067 0.386920 0.372724
v  0.056552 0.402498 0.355714
v  0.045765 0.402498 0.355714
v  0.056552 0.402498 0.378393
v  0.045765 0.402498 0.378393
v  0.056552 0.379819 0.355714
v  0.045765 0.379819 0.355714
v  0.056552 0.379819 0.378393
v  0.045765 0.379819 0.378393
v  0.056552 0.484966 0.355714
v  0.045765 0.484966 0.355714
v  0.056552 0.484966 0.378393
v  0.045765 0.484966 0.378393
v  0.056552 0.462287 0.355714
v  0.045765 0.462287 0.355714
v  0.056552 0.462287 0.378393
v  0.045765 0.462287 0.378393
v  -0.030480 0.113732 0.033957
v  0.030617 0.113732 0.033957
v  -0.030480 0.113732 -0.059656
v  0.030617 0.113732 -0.059656
v  -0.030480 0.289110 -0.068315
v  0.030617 0.289110 -0.068315
v  -0.030480 0.289110 -0.161928
v  0.030617 0.289110 -0.161928
# 2182 vertices

vt 0.765446 0.696541 0.000000
vt 0.725582 0.656677 0.000000
vt 0.725582 0.537085 0.000000
vt 0.765446 0.497221 0.000000
vt 0.885037 0.497221 0.000000
vt 0.924901 0.537085 0.000000
vt 0.924901 0.656677 0.000000
vt 0.885037 0.696541 0.000000
vt 0.966185 0.818836 0.000000
vt 0.966185 0.938428 0.000000
vt 0.926321 0.938428 0.000000
vt 0.926321 0.818836 0.000000
vt 0.724162 0.497221 0.000000
vt 0.724162 0.537085 0.000000
vt 0.684298 0.537085 0.000000
vt 0.684298 0.497221 0.000000
vt 0.564706 0.537085 0.000000
vt 0.564706 0.497221 0.000000
vt 0.524842 0.537085 0.000000
vt 0.524842 0.497221 0.000000
vt 0.925174 0.938428 0.000000
vt 0.885310 0.938428 0.000000
vt 0.885310 0.818836 0.000000
vt 0.925174 0.818836 0.000000
vt 0.562548 0.938292 0.000000
vt 0.522684 0.938292 0.000000
vt 0.522684 0.898428 0.000000
vt 0.562548 0.898428 0.000000
vt 0.522684 0.778836 0.000000
vt 0.562548 0.778836 0.000000
vt 0.522684 0.738972 0.000000
vt 0.562548 0.738972 0.000000
vt 0.682140 0.538233 0.000000
vt 0.722003 0.578096 0.000000
vt 0.722003 0.697688 0.000000
vt 0.682140 0.737552 0.000000
vt 0.562548 0.737552 0.000000
vt 0.522684 0.697688 0.000000
vt 0.522684 0.578096 0.000000
vt 0.562548 0.538233 0.000000
vt 0.571652 0.553407 0.000000
vt 0.537858 0.587201 0.000000
vt 0.537858 0.688584 0.000000
vt 0.571652 0.722378 0.000000
vt 0.673035 0.722378 0.000000
vt 0.706829 0.688584 0.000000
vt 0.706829 0.587201 0.000000
vt 0.673035 0.553407 0.000000
vt 0.563695 0.802985 0.000000
vt 0.597489 0.769191 0.000000
vt 0.698872 0.769191 0.000000
vt 0.732666 0.802985 0.000000
vt 0.732666 0.904368 0.000000
vt 0.698872 0.938162 0.000000
vt 0.597489 0.938162 0.000000
vt 0.563695 0.904368 0.000000
vt 0.573714 0.808996 0.000000
vt 0.573714 0.898356 0.000000
vt 0.603500 0.928143 0.000000
vt 0.692860 0.928143 0.000000
vt 0.722647 0.898356 0.000000
vt 0.722647 0.808996 0.000000
vt 0.692860 0.779210 0.000000
vt 0.603500 0.779210 0.000000
vt 0.942164 0.635794 0.000000
vt 0.934955 0.635794 0.000000
vt 0.934955 0.546434 0.000000
vt 0.942165 0.546434 0.000000
vt 0.568012 0.746181 0.000000
vt 0.568012 0.738972 0.000000
vt 0.669394 0.738972 0.000000
vt 0.669394 0.746181 0.000000
vt 0.963015 0.710912 0.000000
vt 0.970225 0.710912 0.000000
vt 0.568012 0.763449 0.000000
vt 0.568012 0.756240 0.000000
vt 0.669394 0.756240 0.000000
vt 0.669394 0.763449 0.000000
vt 0.898261 0.504431 0.000000
vt 0.898261 0.497221 0.000000
vt 0.568012 0.754815 0.000000
vt 0.568012 0.747606 0.000000
vt 0.669394 0.747606 0.000000
vt 0.669394 0.754815 0.000000
vt 0.954381 0.710912 0.000000
vt 0.961591 0.710912 0.000000
vt 0.943589 0.618030 0.000000
vt 0.943589 0.516648 0.000000
vt 0.906895 0.780717 0.000000
vt 0.906895 0.773508 0.000000
vt 0.954687 0.773508 0.000000
vt 0.954687 0.780717 0.000000
vt 0.942164 0.665581 0.000000
vt 0.959432 0.606008 0.000000
vt 0.952223 0.606008 0.000000
vt 0.934955 0.665581 0.000000
vt 0.952223 0.516648 0.000000
vt 0.959432 0.516648 0.000000
vt 0.933531 0.546434 0.000000
vt 0.926321 0.546434 0.000000
vt 0.926321 0.516648 0.000000
vt 0.933531 0.516648 0.000000
vt 0.933530 0.635794 0.000000
vt 0.926321 0.635794 0.000000
vt 0.933530 0.665581 0.000000
vt 0.926321 0.665581 0.000000
vt 0.968066 0.606008 0.000000
vt 0.960857 0.606008 0.000000
vt 0.960857 0.516648 0.000000
vt 0.968066 0.516648 0.000000
vt 0.934955 0.516648 0.000000
vt 0.942165 0.516648 0.000000
vt 0.734216 0.820562 0.000000
vt 0.764002 0.790776 0.000000
vt 0.853362 0.790776 0.000000
vt 0.883149 0.820562 0.000000
vt 0.883149 0.909922 0.000000
vt 0.853362 0.939709 0.000000
vt 0.764002 0.939709 0.000000
vt 0.734216 0.909922 0.000000
vt 0.880993 0.795093 0.000000
vt 0.953137 0.795093 0.000000
vt 0.953137 0.814129 0.000000
vt 0.880993 0.814129 0.000000
vt 0.773812 0.762835 0.000000
vt 0.773812 0.754387 0.000000
vt 0.789493 0.754387 0.000000
vt 0.789493 0.762835 0.000000
vt 0.924226 0.713395 0.000000
vt 0.924226 0.722610 0.000000
vt 0.907933 0.732017 0.000000
vt 0.907933 0.722802 0.000000
vt 0.921687 0.716296 0.000000
vt 0.910471 0.722772 0.000000
vt 0.910471 0.725488 0.000000
vt 0.921687 0.719012 0.000000
vt 0.921687 0.719817 0.000000
vt 0.910471 0.726293 0.000000
vt 0.910471 0.729116 0.000000
vt 0.921687 0.722640 0.000000
vt 0.762587 0.753967 0.000000
vt 0.746905 0.753967 0.000000
vt 0.746905 0.745520 0.000000
vt 0.762587 0.745520 0.000000
vt 0.913771 0.718993 0.000000
vt 0.904555 0.718993 0.000000
vt 0.913962 0.702700 0.000000
vt 0.923178 0.702700 0.000000
vt 0.920276 0.705239 0.000000
vt 0.917560 0.705239 0.000000
vt 0.916755 0.705239 0.000000
vt 0.913933 0.705239 0.000000
vt 0.907457 0.716455 0.000000
vt 0.910280 0.716455 0.000000
vt 0.911085 0.716455 0.000000
vt 0.913801 0.716455 0.000000
vt 0.745923 0.760167 0.000000
vt 0.673778 0.760167 0.000000
vt 0.673778 0.741131 0.000000
vt 0.745923 0.741131 0.000000
vt 0.552074 0.978285 0.000000
vt 0.547271 0.978285 0.000000
vt 0.547271 0.969838 0.000000
vt 0.552074 0.969838 0.000000
vt 0.561253 0.940611 0.000000
vt 0.561253 0.949059 0.000000
vt 0.542168 0.949059 0.000000
vt 0.542168 0.940611 0.000000
vt 0.531131 0.987531 0.000000
vt 0.522684 0.987531 0.000000
vt 0.522684 0.968446 0.000000
vt 0.531131 0.968446 0.000000
vt 0.572419 0.975337 0.000000
vt 0.563972 0.975337 0.000000
vt 0.563972 0.970533 0.000000
vt 0.572419 0.970533 0.000000
vt 0.542001 0.940611 0.000000
vt 0.542001 0.949059 0.000000
vt 0.522916 0.949059 0.000000
vt 0.522916 0.940611 0.000000
vt 0.572419 0.980258 0.000000
vt 0.563972 0.980258 0.000000
vt 0.563972 0.975636 0.000000
vt 0.572419 0.975636 0.000000
vt 0.556414 0.964735 0.000000
vt 0.556414 0.969356 0.000000
vt 0.547967 0.969356 0.000000
vt 0.547967 0.964735 0.000000
vt 0.531131 0.968279 0.000000
vt 0.522684 0.968279 0.000000
vt 0.522684 0.949194 0.000000
vt 0.531131 0.949194 0.000000
vt 0.923943 0.280551 0.000000
vt 0.923943 0.177892 0.000000
vt 0.970225 0.758704 0.000000
vt 0.963015 0.758704 0.000000
vt 0.937375 0.322655 0.000000
vt 0.937375 0.349572 0.000000
vt 0.946053 0.497221 0.000000
vt 0.946053 0.504431 0.000000
vt 0.961591 0.758704 0.000000
vt 0.954381 0.758704 0.000000
vt 0.950798 0.516648 0.000000
vt 0.950798 0.618030 0.000000
vt 0.846598 0.728180 0.000000
vt 0.846598 0.749658 0.000000
vt 0.775227 0.749658 0.000000
vt 0.775227 0.728180 0.000000
vt 0.796812 0.726771 0.000000
vt 0.813266 0.698270 0.000000
vt 0.884637 0.697961 0.000000
vt 0.868182 0.726461 0.000000
vt 0.883292 0.751923 0.000000
vt 0.883292 0.773402 0.000000
vt 0.811921 0.773402 0.000000
vt 0.811921 0.751923 0.000000
vt 0.900537 0.361736 0.000000
vt 0.534411 0.400036 0.000000
vt 0.950860 0.177892 0.000000
vt 0.905431 0.356842 0.000000
vt 0.950860 0.280551 0.000000
vt 0.772688 0.697961 0.000000
vt 0.796361 0.720822 0.000000
vt 0.905431 0.400816 0.000000
vt 0.727670 0.740196 0.000000
vt 0.932348 0.400816 0.000000
vt 0.932348 0.427734 0.000000
vt 0.703997 0.717335 0.000000
vt 0.813962 0.406384 0.000000
vt 0.919049 0.280551 0.000000
vt 0.711303 0.406384 0.000000
vt 0.905431 0.427734 0.000000
vt 0.932348 0.356842 0.000000
vt 0.919049 0.177892 0.000000
vt 0.711303 0.379467 0.000000
vt 0.937242 0.361736 0.000000
vt 0.937242 0.388653 0.000000
vt 0.813962 0.379467 0.000000
vt 0.834716 0.349572 0.000000
vt 0.932348 0.393547 0.000000
vt 0.834716 0.322655 0.000000
vt 0.637069 0.400036 0.000000
vt 0.637069 0.426953 0.000000
vt 0.905431 0.395922 0.000000
vt 0.932348 0.395922 0.000000
vt 0.534411 0.426953 0.000000
vt 0.932348 0.432628 0.000000
vt 0.939617 0.338330 0.000000
vt 0.951100 0.338330 0.000000
vt 0.937375 0.354466 0.000000
vt 0.905431 0.432628 0.000000
vt 0.951100 0.345503 0.000000
vt 0.905431 0.393547 0.000000
vt 0.834716 0.354466 0.000000
vt 0.939617 0.345503 0.000000
vt 0.900537 0.388653 0.000000
vt 0.955754 0.177892 0.000000
vt 0.955754 0.280551 0.000000
vt 0.834716 0.317761 0.000000
vt 0.937375 0.317761 0.000000
vt 0.900537 0.427734 0.000000
vt 0.773760 0.311413 0.000000
vt 0.718224 0.317584 0.000000
vt 0.900537 0.400816 0.000000
vt 0.896423 0.223144 0.000000
vt 0.937242 0.400816 0.000000
vt 0.756554 0.135448 0.000000
vt 0.534411 0.282801 0.000000
vt 0.766839 0.311413 0.000000
vt 0.770299 0.305419 0.000000
vt 0.711303 0.317584 0.000000
vt 0.714764 0.311590 0.000000
vt 0.903344 0.223144 0.000000
vt 0.899883 0.229138 0.000000
vt 0.756554 0.128527 0.000000
vt 0.762548 0.131988 0.000000
vt 0.534411 0.140259 0.000000
vt 0.563061 0.140259 0.000000
vt 0.563061 0.169364 0.000000
vt 0.534411 0.169364 0.000000
vt 0.591711 0.140259 0.000000
vt 0.591711 0.169364 0.000000
vt 0.620362 0.140259 0.000000
vt 0.620362 0.169364 0.000000
vt 0.534411 0.253696 0.000000
vt 0.563061 0.253696 0.000000
vt 0.563061 0.282801 0.000000
vt 0.591711 0.253696 0.000000
vt 0.591711 0.282801 0.000000
vt 0.620362 0.253696 0.000000
vt 0.620362 0.282801 0.000000
vt 0.649012 0.253696 0.000000
vt 0.906690 0.231371 0.000000
vt 0.918172 0.243104 0.000000
vt 0.918172 0.272208 0.000000
vt 0.906690 0.272208 0.000000
vt 0.906690 0.231371 0.000000
vt 0.895207 0.272208 0.000000
vt 0.895207 0.231371 0.000000
vt 0.883724 0.272208 0.000000
vt 0.883724 0.231371 0.000000
vt 0.872241 0.272208 0.000000
vt 0.872241 0.231371 0.000000
vt 0.860758 0.272208 0.000000
vt 0.759046 0.218392 0.000000
vt 0.764782 0.219452 0.000000
vt 0.764796 0.201552 0.000000
vt 0.764796 0.201552 0.000000
vt 0.764796 0.218754 0.000000
vt 0.764796 0.172902 0.000000
vt 0.764796 0.172902 0.000000
vt 0.764796 0.144252 0.000000
vt 0.764796 0.144252 0.000000
vt 0.764796 0.115601 0.000000
vt 0.764796 0.115601 0.000000
vt 0.761742 0.217944 0.000000
vt 0.764796 0.086951 0.000000
vt 0.764796 0.086951 0.000000
vt 0.764796 0.058301 0.000000
vt 0.764796 0.058301 0.000000
vt 0.764796 0.029650 0.000000
vt 0.764796 0.029650 0.000000
vt 0.764796 0.001000 0.000000
vt 0.764796 0.001000 0.000000
vt 0.879968 0.385638 0.000000
vt 0.908764 0.231079 0.000000
vt 0.908764 0.202429 0.000000
vt 0.776278 0.201552 0.000000
vt 0.776278 0.217968 0.000000
vt 0.776278 0.172902 0.000000
vt 0.776278 0.144252 0.000000
vt 0.776278 0.115601 0.000000
vt 0.891451 0.385638 0.000000
vt 0.838830 0.356842 0.000000
vt 0.867480 0.356842 0.000000
vt 0.776278 0.086951 0.000000
vt 0.776278 0.058301 0.000000
vt 0.776278 0.029650 0.000000
vt 0.776278 0.001000 0.000000
vt 0.787761 0.201552 0.000000
vt 0.963442 0.345503 0.000000
vt 0.703075 0.416491 0.000000
vt 0.731726 0.416491 0.000000
vt 0.787761 0.217968 0.000000
vt 0.787761 0.115601 0.000000
vt 0.787761 0.144252 0.000000
vt 0.787761 0.086951 0.000000
vt 0.787761 0.058301 0.000000
vt 0.951959 0.345503 0.000000
vt 0.703075 0.408264 0.000000
vt 0.731726 0.408264 0.000000
vt 0.787761 0.029650 0.000000
vt 0.787761 0.001000 0.000000
vt 0.799244 0.201552 0.000000
vt 0.799244 0.217968 0.000000
vt 0.787761 0.172902 0.000000
vt 0.939617 0.373297 0.000000
vt 0.534411 0.330102 0.000000
vt 0.563061 0.330102 0.000000
vt 0.563061 0.337275 0.000000
vt 0.534411 0.337275 0.000000
vt 0.591711 0.330102 0.000000
vt 0.591711 0.337275 0.000000
vt 0.799244 0.172902 0.000000
vt 0.951100 0.373297 0.000000
vt 0.945788 0.172902 0.000000
vt 0.945788 0.144252 0.000000
vt 0.952961 0.144252 0.000000
vt 0.952961 0.172902 0.000000
vt 0.945788 0.115601 0.000000
vt 0.952961 0.115601 0.000000
vt 0.799244 0.144252 0.000000
vt 0.944930 0.310536 0.000000
vt 0.534411 0.391809 0.000000
vt 0.563061 0.391809 0.000000
vt 0.563061 0.398982 0.000000
vt 0.534411 0.398982 0.000000
vt 0.591711 0.391809 0.000000
vt 0.591711 0.398982 0.000000
vt 0.799244 0.115601 0.000000
vt 0.933447 0.310536 0.000000
vt 0.916992 0.172902 0.000000
vt 0.916992 0.144252 0.000000
vt 0.924165 0.144252 0.000000
vt 0.924165 0.172902 0.000000
vt 0.916992 0.115601 0.000000
vt 0.924165 0.115601 0.000000
vt 0.799244 0.086951 0.000000
vt 0.642328 0.060571 0.000000
vt 0.534411 0.358898 0.000000
vt 0.563061 0.358898 0.000000
vt 0.563061 0.366072 0.000000
vt 0.534411 0.366072 0.000000
vt 0.591711 0.358898 0.000000
vt 0.591711 0.366072 0.000000
vt 0.799244 0.058301 0.000000
vt 0.653810 0.060571 0.000000
vt 0.534411 0.350671 0.000000
vt 0.563061 0.350671 0.000000
vt 0.563061 0.357844 0.000000
vt 0.534411 0.357844 0.000000
vt 0.591711 0.350671 0.000000
vt 0.591711 0.357844 0.000000
vt 0.799244 0.029650 0.000000
vt 0.799244 0.001000 0.000000
vt 0.810727 0.201552 0.000000
vt 0.810727 0.217968 0.000000
vt 0.810727 0.115601 0.000000
vt 0.810727 0.144252 0.000000
vt 0.810727 0.086951 0.000000
vt 0.810727 0.058301 0.000000
vt 0.810727 0.029650 0.000000
vt 0.891451 0.392811 0.000000
vt 0.818261 0.393866 0.000000
vt 0.846911 0.393866 0.000000
vt 0.846911 0.405348 0.000000
vt 0.818261 0.405348 0.000000
vt 0.879968 0.392811 0.000000
vt 0.951959 0.338330 0.000000
vt 0.698669 0.427974 0.000000
vt 0.670019 0.427974 0.000000
vt 0.670019 0.416491 0.000000
vt 0.698669 0.416491 0.000000
vt 0.963442 0.338330 0.000000
vt 0.951100 0.380470 0.000000
vt 0.916133 0.001000 0.000000
vt 0.916133 0.029650 0.000000
vt 0.904650 0.029650 0.000000
vt 0.904650 0.001000 0.000000
vt 0.916133 0.058301 0.000000
vt 0.904650 0.058301 0.000000
vt 0.916133 0.086951 0.000000
vt 0.904650 0.086951 0.000000
vt 0.916133 0.115601 0.000000
vt 0.904650 0.115601 0.000000
vt 0.916133 0.144252 0.000000
vt 0.904650 0.144252 0.000000
vt 0.939617 0.380470 0.000000
vt 0.933447 0.303362 0.000000
vt 0.706313 0.390950 0.000000
vt 0.677662 0.390950 0.000000
vt 0.677662 0.379467 0.000000
vt 0.706313 0.379467 0.000000
vt 0.649012 0.390950 0.000000
vt 0.649012 0.379467 0.000000
vt 0.620362 0.390950 0.000000
vt 0.620362 0.379467 0.000000
vt 0.591711 0.390950 0.000000
vt 0.591711 0.379467 0.000000
vt 0.563061 0.390950 0.000000
vt 0.563061 0.379467 0.000000
vt 0.944930 0.303362 0.000000
vt 0.653810 0.067744 0.000000
vt 0.936702 0.001000 0.000000
vt 0.936702 0.029650 0.000000
vt 0.925219 0.029650 0.000000
vt 0.925219 0.001000 0.000000
vt 0.936702 0.058301 0.000000
vt 0.925219 0.058301 0.000000
vt 0.936702 0.086951 0.000000
vt 0.925219 0.086951 0.000000
vt 0.936702 0.115601 0.000000
vt 0.925219 0.115601 0.000000
vt 0.936702 0.144252 0.000000
vt 0.925219 0.144252 0.000000
vt 0.642328 0.067744 0.000000
vt 0.860758 0.231371 0.000000
vt 0.810727 0.001000 0.000000
vt 0.649012 0.140259 0.000000
vt 0.849275 0.272208 0.000000
vt 0.649012 0.169364 0.000000
vt 0.822210 0.201552 0.000000
vt 0.677662 0.140259 0.000000
vt 0.822210 0.217968 0.000000
vt 0.677662 0.169364 0.000000
vt 0.810727 0.172902 0.000000
vt 0.706313 0.140259 0.000000
vt 0.822210 0.172902 0.000000
vt 0.706313 0.169364 0.000000
vt 0.822210 0.144252 0.000000
vt 0.734963 0.140259 0.000000
vt 0.822210 0.115601 0.000000
vt 0.734963 0.169364 0.000000
vt 0.822210 0.086951 0.000000
vt 0.751378 0.140259 0.000000
vt 0.751378 0.169364 0.000000
vt 0.758611 0.217972 0.000000
vt 0.822210 0.058301 0.000000
vt 0.649012 0.282801 0.000000
vt 0.849275 0.231371 0.000000
vt 0.677662 0.253696 0.000000
vt 0.822210 0.029650 0.000000
vt 0.837793 0.272208 0.000000
vt 0.822210 0.001000 0.000000
vt 0.677662 0.282801 0.000000
vt 0.833693 0.201552 0.000000
vt 0.706313 0.253696 0.000000
vt 0.833693 0.217968 0.000000
vt 0.706313 0.282801 0.000000
vt 0.833693 0.001000 0.000000
vt 0.734963 0.253696 0.000000
vt 0.833693 0.029650 0.000000
vt 0.734963 0.282801 0.000000
vt 0.845175 0.201552 0.000000
vt 0.751378 0.253696 0.000000
vt 0.751378 0.282801 0.000000
vt 0.563061 0.294533 0.000000
vt 0.761322 0.218378 0.000000
vt 0.758664 0.203077 0.000000
vt 0.845175 0.217968 0.000000
vt 0.833528 0.378816 0.000000
vt 0.833693 0.172902 0.000000
vt 0.833514 0.378211 0.000000
vt 0.845175 0.172902 0.000000
vt 0.833521 0.348288 0.000000
vt 0.833693 0.144252 0.000000
vt 0.822031 0.377393 0.000000
vt 0.845175 0.144252 0.000000
vt 0.822031 0.348288 0.000000
vt 0.833693 0.115601 0.000000
vt 0.810548 0.377393 0.000000
vt 0.845175 0.115601 0.000000
vt 0.810548 0.348288 0.000000
vt 0.833693 0.086951 0.000000
vt 0.799065 0.377393 0.000000
vt 0.845175 0.086951 0.000000
vt 0.799065 0.348288 0.000000
vt 0.833693 0.058301 0.000000
vt 0.787583 0.377393 0.000000
vt 0.845175 0.058301 0.000000
vt 0.760668 0.202575 0.000000
vt 0.845175 0.029650 0.000000
vt 0.534411 0.128527 0.000000
vt 0.534411 0.294533 0.000000
vt 0.759148 0.202575 0.000000
vt 0.939618 0.395922 0.000000
vt 0.939618 0.332656 0.000000
vt 0.845175 0.001000 0.000000
vt 0.954513 0.395922 0.000000
vt 0.947464 0.410812 0.000000
vt 0.939618 0.317761 0.000000
vt 0.954507 0.325607 0.000000
vt 0.563061 0.128527 0.000000
vt 0.591711 0.128527 0.000000
vt 0.837793 0.231371 0.000000
vt 0.620362 0.128527 0.000000
vt 0.649012 0.128527 0.000000
vt 0.677662 0.128527 0.000000
vt 0.706313 0.128527 0.000000
vt 0.734963 0.128527 0.000000
vt 0.752862 0.128527 0.000000
vt 0.763613 0.138836 0.000000
vt 0.591711 0.294533 0.000000
vt 0.826310 0.272208 0.000000
vt 0.620362 0.294533 0.000000
vt 0.649012 0.294533 0.000000
vt 0.677662 0.294533 0.000000
vt 0.706313 0.294533 0.000000
vt 0.734963 0.294533 0.000000
vt 0.763613 0.253696 0.000000
vt 0.763613 0.284224 0.000000
vt 0.752862 0.294533 0.000000
vt 0.826310 0.231371 0.000000
vt 0.814827 0.272208 0.000000
vt 0.814827 0.231371 0.000000
vt 0.803344 0.272208 0.000000
vt 0.803344 0.231371 0.000000
vt 0.791861 0.272208 0.000000
vt 0.791861 0.231371 0.000000
vt 0.780379 0.272208 0.000000
vt 0.780379 0.231371 0.000000
vt 0.768896 0.272208 0.000000
vt 0.768896 0.243104 0.000000
vt 0.780379 0.231371 0.000000
vt 0.763613 0.169364 0.000000
vt 0.787583 0.348288 0.000000
vt 0.776100 0.377393 0.000000
vt 0.776100 0.348288 0.000000
vt 0.764617 0.377393 0.000000
vt 0.764617 0.348288 0.000000
vt 0.753134 0.377393 0.000000
vt 0.753134 0.348288 0.000000
vt 0.741651 0.377393 0.000000
vt 0.741651 0.348288 0.000000
vt 0.730168 0.377393 0.000000
vt 0.730168 0.348288 0.000000
vt 0.718686 0.377393 0.000000
vt 0.534411 0.224592 0.000000
vt 0.534411 0.198468 0.000000
vt 0.563061 0.198468 0.000000
vt 0.591711 0.198468 0.000000
vt 0.620362 0.198468 0.000000
vt 0.649012 0.198468 0.000000
vt 0.677662 0.198468 0.000000
vt 0.706313 0.198468 0.000000
vt 0.734963 0.198468 0.000000
vt 0.751378 0.198468 0.000000
vt 0.563061 0.210201 0.000000
vt 0.534411 0.210201 0.000000
vt 0.591711 0.210201 0.000000
vt 0.620362 0.210201 0.000000
vt 0.649012 0.210201 0.000000
vt 0.677662 0.210201 0.000000
vt 0.706313 0.210201 0.000000
vt 0.734963 0.210201 0.000000
vt 0.752862 0.210201 0.000000
vt 0.563061 0.224592 0.000000
vt 0.591711 0.224592 0.000000
vt 0.620362 0.224592 0.000000
vt 0.649012 0.224592 0.000000
vt 0.677662 0.224592 0.000000
vt 0.706313 0.224592 0.000000
vt 0.734963 0.224592 0.000000
vt 0.751378 0.224592 0.000000
vt 0.534411 0.212859 0.000000
vt 0.563061 0.212859 0.000000
vt 0.591711 0.212859 0.000000
vt 0.620362 0.212859 0.000000
vt 0.649012 0.212859 0.000000
vt 0.677662 0.212859 0.000000
vt 0.706313 0.212859 0.000000
vt 0.734963 0.212859 0.000000
vt 0.763613 0.223169 0.000000
vt 0.752862 0.212859 0.000000
vt 0.906690 0.313045 0.000000
vt 0.906690 0.313045 0.000000
vt 0.918172 0.301313 0.000000
vt 0.895207 0.313045 0.000000
vt 0.883724 0.313045 0.000000
vt 0.872241 0.313045 0.000000
vt 0.860758 0.313045 0.000000
vt 0.849275 0.313045 0.000000
vt 0.837793 0.313045 0.000000
vt 0.826310 0.313045 0.000000
vt 0.814827 0.313045 0.000000
vt 0.803344 0.313045 0.000000
vt 0.791861 0.313045 0.000000
vt 0.780379 0.313045 0.000000
vt 0.780379 0.313045 0.000000
vt 0.768896 0.301313 0.000000
vt 0.915937 0.202429 0.000000
vt 0.915937 0.231079 0.000000
vt 0.908764 0.173779 0.000000
vt 0.915937 0.173779 0.000000
vt 0.867480 0.364015 0.000000
vt 0.838830 0.364015 0.000000
vt 0.896131 0.356842 0.000000
vt 0.896131 0.364015 0.000000
vt 0.764490 0.299249 0.000000
vt 0.764490 0.310732 0.000000
vt 0.735839 0.310732 0.000000
vt 0.735839 0.299249 0.000000
vt 0.707189 0.310732 0.000000
vt 0.707189 0.299249 0.000000
vt 0.949902 0.410812 0.000000
vt 0.752862 0.001000 0.000000
vt 0.752165 0.001014 0.000000
vt 0.734963 0.001014 0.000000
vt 0.734963 0.001014 0.000000
vt 0.706313 0.001014 0.000000
vt 0.706313 0.001014 0.000000
vt 0.677662 0.001014 0.000000
vt 0.677662 0.001014 0.000000
vt 0.649012 0.001014 0.000000
vt 0.649012 0.001014 0.000000
vt 0.620362 0.001014 0.000000
vt 0.620362 0.001014 0.000000
vt 0.591711 0.001014 0.000000
vt 0.591711 0.001014 0.000000
vt 0.563061 0.001014 0.000000
vt 0.563061 0.001014 0.000000
vt 0.534411 0.001014 0.000000
vt 0.963246 0.427974 0.000000
vt 0.534411 0.001014 0.000000
vt 0.818261 0.392811 0.000000
vt 0.818261 0.385638 0.000000
vt 0.751378 0.012497 0.000000
vt 0.734963 0.012497 0.000000
vt 0.706313 0.012497 0.000000
vt 0.677662 0.012497 0.000000
vt 0.649012 0.012497 0.000000
vt 0.956073 0.427974 0.000000
vt 0.620362 0.012497 0.000000
vt 0.956073 0.416491 0.000000
vt 0.846911 0.385638 0.000000
vt 0.838830 0.384584 0.000000
vt 0.963246 0.416491 0.000000
vt 0.846911 0.392811 0.000000
vt 0.838830 0.377410 0.000000
vt 0.591711 0.012497 0.000000
vt 0.867480 0.377410 0.000000
vt 0.563061 0.012497 0.000000
vt 0.534411 0.012497 0.000000
vt 0.751378 0.023979 0.000000
vt 0.734963 0.023979 0.000000
vt 0.903596 0.209944 0.000000
vt 0.677662 0.023979 0.000000
vt 0.867480 0.384584 0.000000
vt 0.698669 0.408264 0.000000
vt 0.698669 0.415437 0.000000
vt 0.649012 0.023979 0.000000
vt 0.620362 0.023979 0.000000
vt 0.591711 0.023979 0.000000
vt 0.563061 0.023979 0.000000
vt 0.534411 0.023979 0.000000
vt 0.896423 0.209944 0.000000
vt 0.751378 0.035462 0.000000
vt 0.896423 0.198461 0.000000
vt 0.670019 0.415437 0.000000
vt 0.641369 0.407210 0.000000
vt 0.903596 0.198461 0.000000
vt 0.670019 0.408264 0.000000
vt 0.641369 0.400036 0.000000
vt 0.734963 0.035462 0.000000
vt 0.670019 0.400036 0.000000
vt 0.706313 0.035462 0.000000
vt 0.706313 0.023979 0.000000
vt 0.677662 0.035462 0.000000
vt 0.649012 0.035462 0.000000
vt 0.903596 0.222285 0.000000
vt 0.620362 0.035462 0.000000
vt 0.670019 0.407210 0.000000
vt 0.534411 0.329048 0.000000
vt 0.534411 0.321874 0.000000
vt 0.563061 0.321874 0.000000
vt 0.563061 0.329048 0.000000
vt 0.591711 0.321874 0.000000
vt 0.591711 0.329048 0.000000
vt 0.591711 0.035462 0.000000
vt 0.896423 0.222285 0.000000
vt 0.563061 0.035462 0.000000
vt 0.896423 0.210803 0.000000
vt 0.620362 0.321874 0.000000
vt 0.534411 0.320820 0.000000
vt 0.903596 0.210803 0.000000
vt 0.620362 0.329048 0.000000
vt 0.534411 0.313647 0.000000
vt 0.649012 0.321874 0.000000
vt 0.563061 0.313647 0.000000
vt 0.649012 0.329048 0.000000
vt 0.563061 0.320820 0.000000
vt 0.677662 0.321874 0.000000
vt 0.591711 0.313647 0.000000
vt 0.677662 0.329048 0.000000
vt 0.591711 0.320820 0.000000
vt 0.534411 0.035462 0.000000
vt 0.620362 0.313647 0.000000
vt 0.965303 0.189375 0.000000
vt 0.751378 0.046945 0.000000
vt 0.620362 0.320820 0.000000
vt 0.534411 0.312593 0.000000
vt 0.649012 0.313647 0.000000
vt 0.534411 0.305419 0.000000
vt 0.649012 0.320820 0.000000
vt 0.563061 0.305419 0.000000
vt 0.677662 0.313647 0.000000
vt 0.563061 0.312593 0.000000
vt 0.677662 0.320820 0.000000
vt 0.591711 0.305419 0.000000
vt 0.591711 0.312593 0.000000
vt 0.734963 0.046945 0.000000
vt 0.958130 0.189375 0.000000
vt 0.677662 0.046945 0.000000
vt 0.958130 0.177892 0.000000
vt 0.620362 0.305419 0.000000
vt 0.534411 0.304365 0.000000
vt 0.965303 0.177892 0.000000
vt 0.620362 0.312593 0.000000
vt 0.534411 0.297192 0.000000
vt 0.649012 0.305419 0.000000
vt 0.563061 0.297192 0.000000
vt 0.649012 0.312593 0.000000
vt 0.563061 0.304365 0.000000
vt 0.677662 0.305419 0.000000
vt 0.591711 0.297192 0.000000
vt 0.677662 0.312593 0.000000
vt 0.591711 0.304365 0.000000
vt 0.649012 0.046945 0.000000
vt 0.620362 0.297192 0.000000
vt 0.903596 0.185261 0.000000
vt 0.620362 0.046945 0.000000
vt 0.620362 0.304365 0.000000
vt 0.961189 0.172902 0.000000
vt 0.649012 0.297192 0.000000
vt 0.954016 0.172902 0.000000
vt 0.649012 0.304365 0.000000
vt 0.954016 0.144252 0.000000
vt 0.677662 0.297192 0.000000
vt 0.961189 0.144252 0.000000
vt 0.677662 0.304365 0.000000
vt 0.954016 0.115601 0.000000
vt 0.961189 0.115601 0.000000
vt 0.591711 0.046945 0.000000
vt 0.896423 0.185261 0.000000
vt 0.563061 0.046945 0.000000
vt 0.896423 0.173779 0.000000
vt 0.954016 0.086951 0.000000
vt 0.944734 0.172902 0.000000
vt 0.903596 0.173779 0.000000
vt 0.961189 0.086951 0.000000
vt 0.937561 0.172902 0.000000
vt 0.954016 0.058301 0.000000
vt 0.937561 0.144252 0.000000
vt 0.961189 0.058301 0.000000
vt 0.944734 0.144252 0.000000
vt 0.954016 0.029650 0.000000
vt 0.937561 0.115601 0.000000
vt 0.961189 0.029650 0.000000
vt 0.944734 0.115601 0.000000
vt 0.534411 0.046945 0.000000
vt 0.937561 0.086951 0.000000
vt 0.751378 0.058428 0.000000
vt 0.734963 0.058428 0.000000
vt 0.944734 0.086951 0.000000
vt 0.706313 0.058428 0.000000
vt 0.937561 0.058301 0.000000
vt 0.706313 0.046945 0.000000
vt 0.944734 0.058301 0.000000
vt 0.677662 0.058428 0.000000
vt 0.937561 0.029650 0.000000
vt 0.649012 0.058428 0.000000
vt 0.944734 0.029650 0.000000
vt 0.620362 0.058428 0.000000
vt 0.591711 0.058428 0.000000
vt 0.563061 0.058428 0.000000
vt 0.534411 0.058428 0.000000
vt 0.751378 0.069911 0.000000
vt 0.734963 0.069911 0.000000
vt 0.563061 0.069911 0.000000
vt 0.534411 0.069911 0.000000
vt 0.751378 0.081393 0.000000
vt 0.734963 0.081393 0.000000
vt 0.706313 0.081393 0.000000
vt 0.706313 0.069911 0.000000
vt 0.916992 0.310024 0.000000
vt 0.924838 0.295135 0.000000
vt 0.931887 0.310024 0.000000
vt 0.956951 0.395922 0.000000
vt 0.964797 0.410812 0.000000
vt 0.763613 0.199891 0.000000
vt 0.677662 0.081393 0.000000
vt 0.677662 0.069911 0.000000
vt 0.649012 0.081393 0.000000
vt 0.649012 0.069911 0.000000
vt 0.620362 0.081393 0.000000
vt 0.620362 0.069911 0.000000
vt 0.591711 0.081393 0.000000
vt 0.591711 0.069911 0.000000
vt 0.563061 0.081393 0.000000
vt 0.534411 0.081393 0.000000
vt 0.751378 0.092876 0.000000
vt 0.734963 0.092876 0.000000
vt 0.563061 0.092876 0.000000
vt 0.534411 0.092876 0.000000
vt 0.751378 0.104359 0.000000
vt 0.734963 0.104359 0.000000
vt 0.706313 0.104359 0.000000
vt 0.706313 0.092876 0.000000
vt 0.677662 0.104359 0.000000
vt 0.763145 0.202575 0.000000
vt 0.763799 0.218378 0.000000
vt 0.763297 0.217894 0.000000
vt 0.762725 0.203010 0.000000
vt 0.718686 0.348288 0.000000
vt 0.677662 0.092876 0.000000
vt 0.707203 0.378211 0.000000
vt 0.649012 0.104359 0.000000
vt 0.707196 0.348288 0.000000
vt 0.649012 0.092876 0.000000
vt 0.707189 0.378816 0.000000
vt 0.620362 0.104359 0.000000
vt 0.833528 0.317761 0.000000
vt 0.620362 0.092876 0.000000
vt 0.833514 0.318365 0.000000
vt 0.591711 0.104359 0.000000
vt 0.822031 0.319184 0.000000
vt 0.591711 0.092876 0.000000
vt 0.810548 0.319184 0.000000
vt 0.563061 0.104359 0.000000
vt 0.799065 0.319184 0.000000
vt 0.534411 0.104359 0.000000
vt 0.787583 0.319184 0.000000
vt 0.751378 0.115842 0.000000
vt 0.757091 0.200938 0.000000
vt 0.757039 0.215833 0.000000
vt 0.756554 0.216335 0.000000
vt 0.776100 0.319184 0.000000
vt 0.764617 0.319184 0.000000
vt 0.753134 0.319184 0.000000
vt 0.741651 0.319184 0.000000
vt 0.730168 0.319184 0.000000
vt 0.718686 0.319184 0.000000
vt 0.707203 0.318365 0.000000
vt 0.707189 0.317761 0.000000
vt 0.620362 0.358898 0.000000
vt 0.620362 0.366072 0.000000
vt 0.649012 0.358898 0.000000
vt 0.649012 0.366072 0.000000
vt 0.734963 0.115842 0.000000
vt 0.563061 0.115842 0.000000
vt 0.168269 0.835271 0.000000
vt 0.165479 0.832481 0.000000
vt 0.168269 0.832481 0.000000
vt 0.178416 0.832481 0.000000
vt 0.181727 0.832481 0.000000
vt 0.181727 0.848729 0.000000
vt 0.169963 0.836965 0.000000
vt 0.156142 0.823144 0.000000
vt 0.154810 0.821812 0.000000
vt 0.154810 0.814699 0.000000
vt 0.168269 0.814699 0.000000
vt 0.201964 0.863463 0.000000
vt 0.179379 0.871164 0.000000
vt 0.370464 0.824352 0.000000
vt 0.184182 0.863463 0.000000
vt 0.188384 0.832481 0.000000
vt 0.191695 0.832481 0.000000
vt 0.191695 0.850263 0.000000
vt 0.183261 0.850263 0.000000
vt 0.168269 0.796917 0.000000
vt 0.178416 0.796917 0.000000
vt 0.181727 0.796917 0.000000
vt 0.261938 0.620791 0.000000
vt 0.261938 0.619096 0.000000
vt 0.269968 0.619096 0.000000
vt 0.269968 0.632917 0.000000
vt 0.261938 0.632917 0.000000
vt 0.184182 0.859914 0.000000
vt 0.201964 0.859914 0.000000
vt 0.179379 0.867853 0.000000
vt 0.367152 0.824352 0.000000
vt 0.367153 0.806570 0.000000
vt 0.370464 0.806570 0.000000
vt 0.181727 0.814699 0.000000
vt 0.178416 0.814699 0.000000
vt 0.188384 0.796917 0.000000
vt 0.191695 0.796917 0.000000
vt 0.191695 0.814699 0.000000
vt 0.205896 0.917970 0.000000
vt 0.192470 0.917970 0.000000
vt 0.192470 0.906045 0.000000
vt 0.192684 0.906045 0.000000
vt 0.180562 0.867853 0.000000
vt 0.195112 0.867853 0.000000
vt 0.261938 0.623580 0.000000
vt 0.272432 0.624753 0.000000
vt 0.188384 0.814699 0.000000
vt 0.168269 0.779135 0.000000
vt 0.219852 0.850263 0.000000
vt 0.219888 0.850263 0.000000
vt 0.219852 0.850299 0.000000
vt 0.248339 0.814699 0.000000
vt 0.238843 0.814699 0.000000
vt 0.314987 0.711049 0.000000
vt 0.377121 0.806570 0.000000
vt 0.377121 0.824352 0.000000
vt 0.380611 0.806569 0.000000
vt 0.380611 0.824352 0.000000
vt 0.314987 0.712232 0.000000
vt 0.168269 0.761353 0.000000
vt 0.178416 0.761353 0.000000
vt 0.181727 0.761353 0.000000
vt 0.181727 0.779135 0.000000
vt 0.292546 0.695316 0.000000
vt 0.282466 0.920001 0.000000
vt 0.279155 0.920001 0.000000
vt 0.300246 0.649033 0.000000
vt 0.178416 0.779135 0.000000
vt 0.201356 0.906045 0.000000
vt 0.205896 0.906045 0.000000
vt 0.175553 0.917970 0.000000
vt 0.162126 0.917970 0.000000
vt 0.196296 0.867853 0.000000
vt 0.196296 0.871164 0.000000
vt 0.272432 0.632917 0.000000
vt 0.272432 0.619096 0.000000
vt 0.238843 0.796917 0.000000
vt 0.248339 0.796917 0.000000
vt 0.188384 0.761353 0.000000
vt 0.191695 0.761353 0.000000
vt 0.238843 0.779135 0.000000
vt 0.248339 0.779135 0.000000
vt 0.229348 0.814699 0.000000
vt 0.344196 0.862611 0.000000
vt 0.344196 0.844829 0.000000
vt 0.354562 0.844829 0.000000
vt 0.355745 0.844829 0.000000
vt 0.311676 0.712232 0.000000
vt 0.311676 0.695316 0.000000
vt 0.364339 0.825699 0.000000
vt 0.364339 0.843481 0.000000
vt 0.360849 0.843481 0.000000
vt 0.360849 0.825699 0.000000
vt 0.295857 0.695316 0.000000
vt 0.295857 0.696499 0.000000
vt 0.295857 0.711049 0.000000
vt 0.279155 0.902219 0.000000
vt 0.282466 0.902219 0.000000
vt 0.300246 0.631251 0.000000
vt 0.289123 0.902219 0.000000
vt 0.289123 0.920001 0.000000
vt 0.191695 0.779135 0.000000
vt 0.188384 0.779135 0.000000
vt 0.168269 0.743571 0.000000
vt 0.162126 0.906045 0.000000
vt 0.166666 0.906045 0.000000
vt 0.175339 0.906045 0.000000
vt 0.175553 0.906045 0.000000
vt 0.209386 0.917970 0.000000
vt 0.162462 0.854394 0.000000
vt 0.166012 0.854394 0.000000
vt 0.166012 0.857705 0.000000
vt 0.272432 0.623580 0.000000
vt 0.261938 0.641362 0.000000
vt 0.229348 0.796917 0.000000
vt 0.229348 0.832481 0.000000
vt 0.222314 0.832481 0.000000
vt 0.168269 0.725789 0.000000
vt 0.178416 0.725789 0.000000
vt 0.222314 0.814699 0.000000
vt 0.237670 0.832481 0.000000
vt 0.233186 0.836965 0.000000
vt 0.229348 0.840804 0.000000
vt 0.355745 0.862611 0.000000
vt 0.354562 0.862611 0.000000
vt 0.314987 0.695316 0.000000
vt 0.314987 0.696499 0.000000
vt 0.328445 0.729149 0.000000
vt 0.347422 0.843481 0.000000
vt 0.347422 0.825699 0.000000
vt 0.325134 0.729149 0.000000
vt 0.325134 0.725599 0.000000
vt 0.330505 0.825699 0.000000
vt 0.295857 0.712232 0.000000
vt 0.292546 0.712232 0.000000
vt 0.292613 0.902219 0.000000
vt 0.292613 0.920001 0.000000
vt 0.295857 0.642181 0.000000
vt 0.303796 0.700119 0.000000
vt 0.303796 0.717901 0.000000
vt 0.295857 0.643365 0.000000
vt 0.181727 0.725789 0.000000
vt 0.181727 0.743571 0.000000
vt 0.178416 0.743571 0.000000
vt 0.188384 0.725788 0.000000
vt 0.087856 0.901919 0.000000
vt 0.091167 0.901919 0.000000
vt 0.399791 0.902950 0.000000
vt 0.399791 0.885168 0.000000
vt 0.191695 0.725788 0.000000
vt 0.209386 0.935752 0.000000
vt 0.205896 0.935752 0.000000
vt 0.209386 0.909535 0.000000
vt 0.192470 0.935752 0.000000
vt 0.162462 0.857705 0.000000
vt 0.166012 0.864363 0.000000
vt 0.371479 0.862611 0.000000
vt 0.241299 0.896480 0.000000
vt 0.241299 0.914262 0.000000
vt 0.370296 0.862611 0.000000
vt 0.272432 0.641362 0.000000
vt 0.272432 0.659145 0.000000
vt 0.238843 0.761353 0.000000
vt 0.248339 0.761353 0.000000
vt 0.229348 0.779135 0.000000
vt 0.222314 0.796917 0.000000
vt 0.191695 0.743571 0.000000
vt 0.188384 0.743571 0.000000
vt 0.219852 0.832481 0.000000
vt 0.219852 0.814699 0.000000
vt 0.222314 0.847837 0.000000
vt 0.238843 0.743571 0.000000
vt 0.248339 0.743571 0.000000
vt 0.328445 0.725599 0.000000
vt 0.318476 0.725599 0.000000
vt 0.330505 0.843481 0.000000
vt 0.317078 0.843481 0.000000
vt 0.306004 0.678399 0.000000
vt 0.309315 0.678399 0.000000
vt 0.309315 0.681948 0.000000
vt 0.354562 0.920001 0.000000
vt 0.344196 0.920001 0.000000
vt 0.344196 0.902219 0.000000
vt 0.354562 0.902219 0.000000
vt 0.292546 0.643365 0.000000
vt 0.292546 0.626448 0.000000
vt 0.329458 0.784626 0.000000
vt 0.311676 0.784626 0.000000
vt 0.311676 0.781136 0.000000
vt 0.329458 0.781136 0.000000
vt 0.091167 0.903102 0.000000
vt 0.091167 0.917652 0.000000
vt 0.091167 0.918836 0.000000
vt 0.087856 0.918836 0.000000
vt 0.403341 0.885168 0.000000
vt 0.403341 0.902950 0.000000
vt 0.276727 0.651746 0.000000
vt 0.276727 0.652930 0.000000
vt 0.168269 0.708006 0.000000
vt 0.168269 0.690224 0.000000
vt 0.178416 0.690224 0.000000
vt 0.175553 0.935752 0.000000
vt 0.162126 0.935752 0.000000
vt 0.158636 0.935752 0.000000
vt 0.158636 0.917970 0.000000
vt 0.158636 0.909535 0.000000
vt 0.162462 0.864363 0.000000
vt 0.234641 0.914262 0.000000
vt 0.231330 0.914262 0.000000
vt 0.261938 0.659145 0.000000
vt 0.272432 0.676927 0.000000
vt 0.229348 0.761353 0.000000
vt 0.222314 0.779135 0.000000
vt 0.219852 0.796917 0.000000
vt 0.238843 0.725789 0.000000
vt 0.248339 0.725788 0.000000
vt 0.229348 0.743571 0.000000
vt 0.181727 0.690224 0.000000
vt 0.181727 0.708006 0.000000
vt 0.193070 0.636915 0.000000
vt 0.200944 0.636915 0.000000
vt 0.222314 0.761353 0.000000
vt 0.219852 0.779135 0.000000
vt 0.238843 0.708006 0.000000
vt 0.318476 0.729149 0.000000
vt 0.317078 0.825699 0.000000
vt 0.313589 0.843481 0.000000
vt 0.306004 0.681948 0.000000
vt 0.296035 0.678399 0.000000
vt 0.355745 0.902219 0.000000
vt 0.355745 0.920001 0.000000
vt 0.371479 0.920001 0.000000
vt 0.370296 0.920001 0.000000
vt 0.370296 0.902219 0.000000
vt 0.371479 0.902219 0.000000
vt 0.295857 0.626448 0.000000
vt 0.295857 0.627631 0.000000
vt 0.309315 0.660281 0.000000
vt 0.311676 0.767709 0.000000
vt 0.329458 0.767709 0.000000
vt 0.306004 0.660281 0.000000
vt 0.306004 0.656732 0.000000
vt 0.329458 0.750792 0.000000
vt 0.101314 0.885002 0.000000
vt 0.104625 0.885002 0.000000
vt 0.289520 0.900871 0.000000
vt 0.104625 0.888552 0.000000
vt 0.273416 0.652930 0.000000
vt 0.279155 0.900871 0.000000
vt 0.273416 0.636013 0.000000
vt 0.276727 0.636013 0.000000
vt 0.178416 0.708006 0.000000
vt 0.188384 0.690224 0.000000
vt 0.191695 0.690224 0.000000
vt 0.191695 0.708006 0.000000
vt 0.370531 0.716058 0.000000
vt 0.367220 0.716058 0.000000
vt 0.061355 0.860251 0.000000
vt 0.079137 0.860251 0.000000
vt 0.188384 0.708006 0.000000
vt 0.184011 0.906045 0.000000
vt 0.139977 0.835271 0.000000
vt 0.139977 0.832481 0.000000
vt 0.142767 0.832481 0.000000
vt 0.116550 0.850263 0.000000
vt 0.116550 0.832481 0.000000
vt 0.119861 0.832481 0.000000
vt 0.162462 0.867674 0.000000
vt 0.165952 0.867853 0.000000
vt 0.231330 0.896480 0.000000
vt 0.234641 0.896480 0.000000
vt 0.346840 0.819395 0.000000
vt 0.329058 0.819395 0.000000
vt 0.244788 0.896480 0.000000
vt 0.244788 0.914262 0.000000
vt 0.261938 0.676927 0.000000
vt 0.272432 0.694709 0.000000
vt 0.248339 0.708006 0.000000
vt 0.229348 0.725789 0.000000
vt 0.222314 0.743571 0.000000
vt 0.219852 0.761353 0.000000
vt 0.238843 0.690224 0.000000
vt 0.248339 0.690224 0.000000
vt 0.200944 0.654697 0.000000
vt 0.168269 0.672442 0.000000
vt 0.168269 0.654660 0.000000
vt 0.193070 0.654697 0.000000
vt 0.200944 0.672479 0.000000
vt 0.193070 0.672479 0.000000
vt 0.229348 0.708006 0.000000
vt 0.126519 0.832481 0.000000
vt 0.126519 0.848729 0.000000
vt 0.124985 0.850263 0.000000
vt 0.116550 0.814699 0.000000
vt 0.116550 0.796917 0.000000
vt 0.119861 0.796917 0.000000
vt 0.313589 0.825699 0.000000
vt 0.314987 0.725659 0.000000
vt 0.314987 0.722598 0.000000
vt 0.299347 0.678399 0.000000
vt 0.271906 0.909871 0.000000
vt 0.271906 0.927653 0.000000
vt 0.309315 0.656732 0.000000
vt 0.299347 0.656732 0.000000
vt 0.311676 0.750792 0.000000
vt 0.311676 0.737366 0.000000
vt 0.101314 0.888552 0.000000
vt 0.091345 0.885002 0.000000
vt 0.094656 0.885002 0.000000
vt 0.279155 0.883089 0.000000
vt 0.289520 0.883089 0.000000
vt 0.290704 0.883089 0.000000
vt 0.290704 0.900871 0.000000
vt 0.276727 0.637196 0.000000
vt 0.290185 0.669846 0.000000
vt 0.283993 0.839090 0.000000
vt 0.283993 0.856872 0.000000
vt 0.280503 0.856872 0.000000
vt 0.280503 0.839090 0.000000
vt 0.367220 0.714875 0.000000
vt 0.367220 0.700325 0.000000
vt 0.367220 0.699142 0.000000
vt 0.370531 0.699142 0.000000
vt 0.079137 0.863801 0.000000
vt 0.061355 0.863801 0.000000
vt 0.367220 0.751976 0.000000
vt 0.367220 0.750792 0.000000
vt 0.178416 0.654660 0.000000
vt 0.181727 0.654660 0.000000
vt 0.181727 0.672442 0.000000
vt 0.126519 0.796917 0.000000
vt 0.126519 0.814699 0.000000
vt 0.119861 0.814699 0.000000
vt 0.129830 0.832481 0.000000
vt 0.138283 0.836965 0.000000
vt 0.129830 0.796917 0.000000
vt 0.329058 0.815845 0.000000
vt 0.346840 0.815845 0.000000
vt 0.261938 0.694709 0.000000
vt 0.272432 0.712491 0.000000
vt 0.222314 0.725788 0.000000
vt 0.219852 0.743571 0.000000
vt 0.238843 0.672442 0.000000
vt 0.248339 0.672442 0.000000
vt 0.229348 0.690224 0.000000
vt 0.222314 0.708006 0.000000
vt 0.193070 0.619133 0.000000
vt 0.200944 0.619133 0.000000
vt 0.178416 0.672442 0.000000
vt 0.188384 0.654660 0.000000
vt 0.210864 0.636915 0.000000
vt 0.210864 0.654697 0.000000
vt 0.200944 0.690261 0.000000
vt 0.403291 0.810090 0.000000
vt 0.403291 0.810126 0.000000
vt 0.295857 0.681889 0.000000
vt 0.292546 0.681889 0.000000
vt 0.265249 0.927653 0.000000
vt 0.261938 0.927653 0.000000
vt 0.139977 0.796917 0.000000
vt 0.139977 0.814699 0.000000
vt 0.129830 0.814699 0.000000
vt 0.119861 0.779135 0.000000
vt 0.299868 0.649033 0.000000
vt 0.296318 0.649033 0.000000
vt 0.261938 0.909871 0.000000
vt 0.265249 0.909871 0.000000
vt 0.299347 0.660281 0.000000
vt 0.329458 0.737366 0.000000
vt 0.311676 0.733876 0.000000
vt 0.091167 0.888492 0.000000
vt 0.087856 0.888492 0.000000
vt 0.306437 0.900871 0.000000
vt 0.305254 0.900871 0.000000
vt 0.305254 0.883089 0.000000
vt 0.306437 0.883089 0.000000
vt 0.316803 0.883089 0.000000
vt 0.316803 0.900871 0.000000
vt 0.286874 0.669846 0.000000
vt 0.286874 0.666297 0.000000
vt 0.290185 0.666297 0.000000
vt 0.267076 0.856872 0.000000
vt 0.267076 0.839090 0.000000
vt 0.280217 0.666297 0.000000
vt 0.280217 0.669846 0.000000
vt 0.250160 0.839090 0.000000
vt 0.357073 0.732975 0.000000
vt 0.353761 0.732975 0.000000
vt 0.354562 0.881741 0.000000
vt 0.353761 0.729425 0.000000
vt 0.370531 0.750792 0.000000
vt 0.344196 0.881741 0.000000
vt 0.370531 0.767709 0.000000
vt 0.367220 0.767709 0.000000
vt 0.191695 0.654660 0.000000
vt 0.191695 0.672442 0.000000
vt 0.188384 0.672442 0.000000
vt 0.154810 0.796917 0.000000
vt 0.227204 0.936206 0.000000
vt 0.227204 0.932894 0.000000
vt 0.352579 0.798352 0.000000
vt 0.334797 0.798352 0.000000
vt 0.191695 0.858698 0.000000
vt 0.116550 0.779135 0.000000
vt 0.261938 0.712491 0.000000
vt 0.272432 0.730273 0.000000
vt 0.219852 0.725788 0.000000
vt 0.238843 0.654660 0.000000
vt 0.248339 0.654660 0.000000
vt 0.229348 0.672442 0.000000
vt 0.222314 0.690224 0.000000
vt 0.219852 0.708006 0.000000
vt 0.193070 0.690261 0.000000
vt 0.210864 0.672479 0.000000
vt 0.403255 0.810090 0.000000
vt 0.183784 0.850786 0.000000
vt 0.154810 0.779135 0.000000
vt 0.210864 0.619133 0.000000
vt 0.218738 0.636915 0.000000
vt 0.403291 0.774526 0.000000
vt 0.403291 0.792308 0.000000
vt 0.400829 0.792308 0.000000
vt 0.296318 0.631251 0.000000
vt 0.116550 0.761353 0.000000
vt 0.119861 0.761353 0.000000
vt 0.126519 0.761353 0.000000
vt 0.126519 0.779135 0.000000
vt 0.299868 0.631251 0.000000
vt 0.295857 0.656792 0.000000
vt 0.295857 0.653730 0.000000
vt 0.153436 0.814699 0.000000
vt 0.153436 0.821812 0.000000
vt 0.152104 0.823144 0.000000
vt 0.129830 0.779135 0.000000
vt 0.129830 0.761353 0.000000
vt 0.139977 0.761353 0.000000
vt 0.329458 0.733876 0.000000
vt 0.094656 0.888552 0.000000
vt 0.382456 0.821537 0.000000
vt 0.400238 0.821537 0.000000
vt 0.276727 0.666357 0.000000
vt 0.276727 0.663295 0.000000
vt 0.250160 0.856872 0.000000
vt 0.236733 0.856872 0.000000
vt 0.357073 0.729425 0.000000
vt 0.367041 0.732975 0.000000
vt 0.363730 0.732975 0.000000
vt 0.344196 0.863959 0.000000
vt 0.354562 0.863959 0.000000
vt 0.355745 0.863959 0.000000
vt 0.355745 0.881741 0.000000
vt 0.367220 0.766526 0.000000
vt 0.353762 0.733876 0.000000
vt 0.106985 0.935305 0.000000
vt 0.106985 0.917523 0.000000
vt 0.110475 0.917523 0.000000
vt 0.110475 0.935305 0.000000
vt 0.228387 0.932894 0.000000
vt 0.242937 0.932894 0.000000
vt 0.244120 0.932894 0.000000
vt 0.244120 0.936206 0.000000
vt 0.334797 0.794802 0.000000
vt 0.352579 0.794802 0.000000
vt 0.332848 0.974980 0.000000
vt 0.334031 0.974980 0.000000
vt 0.154810 0.761353 0.000000
vt 0.154810 0.743571 0.000000
vt 0.154810 0.725788 0.000000
vt 0.139977 0.779135 0.000000
vt 0.119861 0.743571 0.000000
vt 0.261938 0.730273 0.000000
vt 0.272432 0.748055 0.000000
vt 0.238843 0.636878 0.000000
vt 0.248339 0.636878 0.000000
vt 0.229348 0.654660 0.000000
vt 0.222314 0.672442 0.000000
vt 0.219852 0.690224 0.000000
vt 0.238843 0.619096 0.000000
vt 0.218738 0.654697 0.000000
vt 0.200944 0.708043 0.000000
vt 0.400829 0.774526 0.000000
vt 0.400829 0.756744 0.000000
vt 0.154810 0.708006 0.000000
vt 0.154810 0.690224 0.000000
vt 0.403291 0.756744 0.000000
vt 0.193070 0.708043 0.000000
vt 0.393796 0.792308 0.000000
vt 0.393796 0.774526 0.000000
vt 0.400829 0.738962 0.000000
vt 0.403291 0.738962 0.000000
vt 0.393796 0.756744 0.000000
vt 0.400829 0.807664 0.000000
vt 0.250460 0.623580 0.000000
vt 0.250460 0.619096 0.000000
vt 0.252924 0.619096 0.000000
vt 0.252924 0.632917 0.000000
vt 0.116550 0.743571 0.000000
vt 0.116550 0.725788 0.000000
vt 0.119861 0.725788 0.000000
vt 0.091167 0.891553 0.000000
vt 0.087856 0.932262 0.000000
vt 0.400238 0.828195 0.000000
vt 0.400238 0.831506 0.000000
vt 0.318998 0.717901 0.000000
vt 0.315448 0.717901 0.000000
vt 0.382456 0.831506 0.000000
vt 0.382456 0.828195 0.000000
vt 0.276906 0.669846 0.000000
vt 0.236733 0.839090 0.000000
vt 0.233243 0.856872 0.000000
vt 0.367220 0.729485 0.000000
vt 0.370531 0.729485 0.000000
vt 0.371479 0.881741 0.000000
vt 0.370296 0.881741 0.000000
vt 0.370296 0.863959 0.000000
vt 0.371479 0.863959 0.000000
vt 0.381844 0.863959 0.000000
vt 0.381844 0.881741 0.000000
vt 0.357073 0.733876 0.000000
vt 0.357073 0.737425 0.000000
vt 0.353762 0.737425 0.000000
vt 0.123902 0.917523 0.000000
vt 0.123902 0.935305 0.000000
vt 0.363730 0.737425 0.000000
vt 0.363730 0.733876 0.000000
vt 0.140819 0.935305 0.000000
vt 0.210287 0.922747 0.000000
vt 0.210287 0.919436 0.000000
vt 0.289520 0.881741 0.000000
vt 0.213837 0.919436 0.000000
vt 0.334031 0.978291 0.000000
vt 0.279155 0.881741 0.000000
vt 0.317114 0.978291 0.000000
vt 0.317114 0.974980 0.000000
vt 0.154810 0.672442 0.000000
vt 0.154810 0.654660 0.000000
vt 0.154810 0.636878 0.000000
vt 0.168269 0.636878 0.000000
vt 0.435573 0.915010 0.000000
vt 0.432262 0.915010 0.000000
vt 0.305371 0.801112 0.000000
vt 0.305371 0.818894 0.000000
vt 0.178416 0.636878 0.000000
vt 0.250460 0.632917 0.000000
vt 0.250460 0.624753 0.000000
vt 0.260954 0.619096 0.000000
vt 0.261938 0.748055 0.000000
vt 0.272432 0.765837 0.000000
vt 0.248339 0.619096 0.000000
vt 0.229348 0.636878 0.000000
vt 0.222314 0.654660 0.000000
vt 0.219852 0.672442 0.000000
vt 0.222314 0.619096 0.000000
vt 0.229348 0.619096 0.000000
vt 0.210864 0.690261 0.000000
vt 0.218738 0.672479 0.000000
vt 0.393796 0.800631 0.000000
vt 0.374804 0.774526 0.000000
vt 0.374804 0.756744 0.000000
vt 0.384300 0.756744 0.000000
vt 0.154810 0.619096 0.000000
vt 0.168269 0.619096 0.000000
vt 0.384300 0.774526 0.000000
vt 0.400829 0.721180 0.000000
vt 0.403291 0.721180 0.000000
vt 0.393796 0.738962 0.000000
vt 0.389957 0.796792 0.000000
vt 0.385473 0.792308 0.000000
vt 0.374804 0.738962 0.000000
vt 0.384300 0.738962 0.000000
vt 0.260954 0.620791 0.000000
vt 0.260954 0.623580 0.000000
vt 0.126519 0.725788 0.000000
vt 0.126519 0.743571 0.000000
vt 0.129830 0.743571 0.000000
vt 0.315448 0.700119 0.000000
vt 0.318998 0.700119 0.000000
vt 0.273416 0.666357 0.000000
vt 0.276727 0.625647 0.000000
vt 0.129830 0.725788 0.000000
vt 0.139977 0.725788 0.000000
vt 0.139977 0.743571 0.000000
vt 0.119861 0.708006 0.000000
vt 0.116550 0.708006 0.000000
vt 0.116550 0.690224 0.000000
vt 0.233243 0.839090 0.000000
vt 0.363730 0.729425 0.000000
vt 0.342849 0.697933 0.000000
vt 0.325067 0.697933 0.000000
vt 0.367220 0.737366 0.000000
vt 0.367220 0.740427 0.000000
vt 0.140819 0.917523 0.000000
vt 0.154246 0.917523 0.000000
vt 0.213837 0.922747 0.000000
vt 0.210287 0.932716 0.000000
vt 0.210287 0.929405 0.000000
vt 0.279155 0.863959 0.000000
vt 0.289520 0.863959 0.000000
vt 0.290704 0.863959 0.000000
vt 0.290704 0.881741 0.000000
vt 0.318298 0.974980 0.000000
vt 0.350948 0.961522 0.000000
vt 0.351848 0.630574 0.000000
vt 0.369631 0.630574 0.000000
vt 0.369631 0.634064 0.000000
vt 0.351848 0.634064 0.000000
vt 0.432262 0.913826 0.000000
vt 0.432262 0.899276 0.000000
vt 0.432262 0.898093 0.000000
vt 0.435573 0.898093 0.000000
vt 0.301822 0.818894 0.000000
vt 0.301822 0.801112 0.000000
vt 0.344264 0.679282 0.000000
vt 0.344264 0.678099 0.000000
vt 0.181727 0.619096 0.000000
vt 0.181727 0.636878 0.000000
vt 0.400829 0.703398 0.000000
vt 0.403291 0.703398 0.000000
vt 0.261938 0.765837 0.000000
vt 0.272432 0.783619 0.000000
vt 0.222314 0.636878 0.000000
vt 0.219852 0.654660 0.000000
vt 0.219852 0.636878 0.000000
vt 0.248339 0.821812 0.000000
vt 0.247007 0.823144 0.000000
vt 0.238843 0.831308 0.000000
vt 0.218738 0.619133 0.000000
vt 0.200944 0.725825 0.000000
vt 0.393796 0.721180 0.000000
vt 0.374804 0.721180 0.000000
vt 0.384300 0.721180 0.000000
vt 0.400829 0.685616 0.000000
vt 0.961376 0.608069 0.000000
vt 0.961376 0.611261 0.000000
vt 0.959693 0.611261 0.000000
vt 0.957554 0.611261 0.000000
vt 0.957282 0.611486 0.000000
vt 0.403291 0.685616 0.000000
vt 0.393796 0.703398 0.000000
vt 0.374804 0.703398 0.000000
vt 0.260954 0.632917 0.000000
vt 0.260954 0.641362 0.000000
vt 0.119861 0.690224 0.000000
vt 0.126519 0.690224 0.000000
vt 0.126519 0.708006 0.000000
vt 0.367220 0.726424 0.000000
vt 0.370531 0.685715 0.000000
vt 0.325067 0.691275 0.000000
vt 0.325067 0.687964 0.000000
vt 0.301822 0.745635 0.000000
vt 0.305371 0.745635 0.000000
vt 0.342849 0.687964 0.000000
vt 0.342849 0.691275 0.000000
vt 0.367041 0.733876 0.000000
vt 0.154246 0.935305 0.000000
vt 0.157735 0.917523 0.000000
vt 0.213777 0.932894 0.000000
vt 0.213777 0.936206 0.000000
vt 0.306437 0.881741 0.000000
vt 0.305254 0.881741 0.000000
vt 0.305254 0.863959 0.000000
vt 0.306437 0.863959 0.000000
vt 0.316803 0.863959 0.000000
vt 0.316803 0.881741 0.000000
vt 0.350948 0.964833 0.000000
vt 0.347398 0.964833 0.000000
vt 0.347398 0.961522 0.000000
vt 0.369631 0.647491 0.000000
vt 0.351848 0.647491 0.000000
vt 0.347398 0.971491 0.000000
vt 0.350948 0.971491 0.000000
vt 0.351848 0.664407 0.000000
vt 0.422114 0.931926 0.000000
vt 0.418803 0.931926 0.000000
vt 0.321241 0.874325 0.000000
vt 0.418803 0.928377 0.000000
vt 0.347575 0.678099 0.000000
vt 0.321241 0.863959 0.000000
vt 0.347575 0.695015 0.000000
vt 0.344264 0.695015 0.000000
vt 0.191695 0.619096 0.000000
vt 0.191695 0.636878 0.000000
vt 0.188384 0.636878 0.000000
vt 0.957282 0.608069 0.000000
vt 0.953189 0.613214 0.000000
vt 0.956805 0.613214 0.000000
vt 0.956805 0.614278 0.000000
vt 0.234881 0.619096 0.000000
vt 0.219852 0.619096 0.000000
vt 0.221422 0.619096 0.000000
vt 0.163027 0.841407 0.000000
vt 0.145245 0.841407 0.000000
vt 0.145245 0.834749 0.000000
vt 0.193070 0.725825 0.000000
vt 0.210864 0.708043 0.000000
vt 0.384300 0.703398 0.000000
vt 0.400829 0.667834 0.000000
vt 0.403291 0.667834 0.000000
vt 0.393796 0.685616 0.000000
vt 0.145245 0.831438 0.000000
vt 0.163027 0.831438 0.000000
vt 0.374804 0.685616 0.000000
vt 0.384300 0.685616 0.000000
vt 0.260954 0.659145 0.000000
vt 0.250460 0.659145 0.000000
vt 0.129830 0.708006 0.000000
vt 0.129830 0.690224 0.000000
vt 0.139977 0.690224 0.000000
vt 0.305371 0.763417 0.000000
vt 0.301822 0.763417 0.000000
vt 0.370531 0.737366 0.000000
vt 0.367220 0.778075 0.000000
vt 0.139977 0.708006 0.000000
vt 0.119861 0.672442 0.000000
vt 0.116550 0.672442 0.000000
vt 0.116550 0.654660 0.000000
vt 0.119861 0.654660 0.000000
vt 0.126519 0.654660 0.000000
vt 0.157735 0.935305 0.000000
vt 0.213837 0.929405 0.000000
vt 0.384369 0.840667 0.000000
vt 0.402151 0.840667 0.000000
vt 0.347458 0.974980 0.000000
vt 0.344397 0.974980 0.000000
vt 0.369631 0.664407 0.000000
vt 0.369631 0.677835 0.000000
vt 0.422114 0.928377 0.000000
vt 0.432083 0.931926 0.000000
vt 0.428772 0.931926 0.000000
vt 0.339023 0.863959 0.000000
vt 0.339023 0.874325 0.000000
vt 0.339023 0.875508 0.000000
vt 0.321241 0.875508 0.000000
vt 0.344264 0.693832 0.000000
vt 0.330806 0.661182 0.000000
vt 0.273416 0.730050 0.000000
vt 0.291198 0.730050 0.000000
vt 0.291198 0.733540 0.000000
vt 0.273416 0.733540 0.000000
vt 0.956805 0.617295 0.000000
vt 0.956805 0.618359 0.000000
vt 0.953189 0.618359 0.000000
vt 0.957282 0.623504 0.000000
vt 0.957282 0.620087 0.000000
vt 0.163027 0.834749 0.000000
vt 0.163027 0.844897 0.000000
vt 0.145245 0.844897 0.000000
vt 0.341683 0.806570 0.000000
vt 0.341683 0.809881 0.000000
vt 0.340500 0.809881 0.000000
vt 0.325950 0.809881 0.000000
vt 0.324766 0.809881 0.000000
vt 0.324766 0.806570 0.000000
vt 0.218738 0.690261 0.000000
vt 0.200944 0.743607 0.000000
vt 0.400829 0.650052 0.000000
vt 0.403291 0.650052 0.000000
vt 0.393796 0.667834 0.000000
vt 0.374804 0.667834 0.000000
vt 0.384300 0.667834 0.000000
vt 0.400829 0.632269 0.000000
vt 0.250460 0.641362 0.000000
vt 0.260954 0.676927 0.000000
vt 0.126519 0.672442 0.000000
vt 0.129830 0.672442 0.000000
vt 0.129830 0.654660 0.000000
vt 0.216838 0.932894 0.000000
vt 0.257547 0.936206 0.000000
vt 0.402151 0.847325 0.000000
vt 0.402151 0.850636 0.000000
vt 0.327710 0.850177 0.000000
vt 0.327710 0.853727 0.000000
vt 0.384369 0.850636 0.000000
vt 0.384369 0.847325 0.000000
vt 0.350948 0.974802 0.000000
vt 0.351848 0.677835 0.000000
vt 0.369631 0.681324 0.000000
vt 0.432262 0.928436 0.000000
vt 0.435573 0.928436 0.000000
vt 0.321241 0.891242 0.000000
vt 0.321241 0.890058 0.000000
vt 0.339023 0.890058 0.000000
vt 0.339023 0.891242 0.000000
vt 0.339023 0.901607 0.000000
vt 0.321241 0.901607 0.000000
vt 0.334117 0.661182 0.000000
vt 0.334117 0.664732 0.000000
vt 0.330806 0.664732 0.000000
vt 0.291198 0.746966 0.000000
vt 0.273416 0.746966 0.000000
vt 0.340774 0.664732 0.000000
vt 0.340774 0.661182 0.000000
vt 0.291198 0.763883 0.000000
vt 0.193070 0.743607 0.000000
vt 0.210864 0.725825 0.000000
vt 0.218738 0.708043 0.000000
vt 0.957554 0.620312 0.000000
vt 0.959693 0.620312 0.000000
vt 0.961376 0.620312 0.000000
vt 0.961376 0.623504 0.000000
vt 0.200944 0.761389 0.000000
vt 0.193070 0.761389 0.000000
vt 0.403291 0.632269 0.000000
vt 0.393796 0.650052 0.000000
vt 0.374804 0.650052 0.000000
vt 0.384300 0.650052 0.000000
vt 0.400829 0.578923 0.000000
vt 0.400829 0.596705 0.000000
vt 0.250460 0.676927 0.000000
vt 0.260954 0.694709 0.000000
vt 0.139977 0.654660 0.000000
vt 0.139977 0.672442 0.000000
vt 0.124462 0.850786 0.000000
vt 0.309928 0.853727 0.000000
vt 0.309928 0.850177 0.000000
vt 0.347458 0.978291 0.000000
vt 0.306749 0.974980 0.000000
vt 0.116550 0.858698 0.000000
vt 0.153436 0.796917 0.000000
vt 0.153436 0.779135 0.000000
vt 0.153436 0.761353 0.000000
vt 0.153436 0.743571 0.000000
vt 0.153436 0.725788 0.000000
vt 0.351848 0.681324 0.000000
vt 0.428772 0.928377 0.000000
vt 0.271906 0.932827 0.000000
vt 0.271906 0.950609 0.000000
vt 0.344264 0.664672 0.000000
vt 0.344264 0.667733 0.000000
vt 0.273416 0.763883 0.000000
vt 0.291198 0.777310 0.000000
vt 0.210864 0.743607 0.000000
vt 0.218738 0.725825 0.000000
vt 0.200944 0.779171 0.000000
vt 0.393796 0.596705 0.000000
vt 0.393796 0.578923 0.000000
vt 0.965469 0.608069 0.000000
vt 0.965469 0.611261 0.000000
vt 0.962581 0.611261 0.000000
vt 0.962581 0.620312 0.000000
vt 0.965469 0.620312 0.000000
vt 0.193070 0.779171 0.000000
vt 0.403291 0.596705 0.000000
vt 0.403291 0.614488 0.000000
vt 0.400829 0.614488 0.000000
vt 0.393796 0.632269 0.000000
vt 0.374804 0.632269 0.000000
vt 0.384300 0.632269 0.000000
vt 0.250460 0.694709 0.000000
vt 0.260954 0.712491 0.000000
vt 0.153436 0.708006 0.000000
vt 0.153436 0.690224 0.000000
vt 0.153436 0.672442 0.000000
vt 0.432262 0.925375 0.000000
vt 0.435573 0.884666 0.000000
vt 0.265249 0.950609 0.000000
vt 0.261938 0.950609 0.000000
vt 0.157005 0.896424 0.000000
vt 0.157005 0.892874 0.000000
vt 0.261938 0.932827 0.000000
vt 0.265249 0.932827 0.000000
vt 0.344085 0.661182 0.000000
vt 0.273416 0.777310 0.000000
vt 0.291198 0.780800 0.000000
vt 0.393796 0.614488 0.000000
vt 0.384300 0.578923 0.000000
vt 0.384300 0.596705 0.000000
vt 0.374804 0.596705 0.000000
vt 0.273416 0.780800 0.000000
vt 0.153436 0.654660 0.000000
vt 0.129830 0.636878 0.000000
vt 0.139977 0.636878 0.000000
vt 0.153436 0.636878 0.000000
vt 0.139977 0.619096 0.000000
vt 0.965469 0.623504 0.000000
vt 0.956805 0.611883 0.000000
vt 0.953189 0.609130 0.000000
vt 0.954251 0.608069 0.000000
vt 0.374804 0.578923 0.000000
vt 0.384300 0.614488 0.000000
vt 0.374804 0.614488 0.000000
vt 0.384300 0.791135 0.000000
vt 0.376136 0.782971 0.000000
vt 0.250460 0.712491 0.000000
vt 0.260954 0.730273 0.000000
vt 0.153436 0.619096 0.000000
vt 0.116550 0.619096 0.000000
vt 0.126519 0.619096 0.000000
vt 0.174787 0.892874 0.000000
vt 0.174787 0.896424 0.000000
vt 0.347575 0.664672 0.000000
vt 0.344264 0.705381 0.000000
vt 0.374804 0.781639 0.000000
vt 0.403291 0.578923 0.000000
vt 0.401721 0.578923 0.000000
vt 0.388263 0.578923 0.000000
vt 0.292546 0.767709 0.000000
vt 0.126519 0.636878 0.000000
vt 0.292546 0.750792 0.000000
vt 0.295857 0.750792 0.000000
vt 0.295857 0.751976 0.000000
vt 0.956805 0.619690 0.000000
vt 0.954251 0.623504 0.000000
vt 0.953189 0.622443 0.000000
vt 0.295857 0.766526 0.000000
vt 0.295857 0.767709 0.000000
vt 0.295857 0.778075 0.000000
vt 0.295857 0.781136 0.000000
vt 0.250460 0.730273 0.000000
vt 0.260954 0.748055 0.000000
vt 0.119861 0.636878 0.000000
vt 0.292546 0.781136 0.000000
vt 0.292546 0.737366 0.000000
vt 0.116550 0.636878 0.000000
vt 0.295857 0.737366 0.000000
vt 0.295857 0.740427 0.000000
vt 0.299347 0.784626 0.000000
vt 0.250460 0.748055 0.000000
vt 0.260954 0.765837 0.000000
vt 0.250460 0.765837 0.000000
vt 0.260954 0.783619 0.000000
vt 0.296035 0.784626 0.000000
vt 0.370688 0.586953 0.000000
vt 0.370688 0.595626 0.000000
vt 0.354563 0.595626 0.000000
vt 0.354563 0.586953 0.000000
vt 0.370688 0.612971 0.000000
vt 0.370688 0.621643 0.000000
vt 0.354563 0.621643 0.000000
vt 0.379060 0.840103 0.000000
vt 0.367296 0.840103 0.000000
vt 0.365762 0.840103 0.000000
vt 0.365239 0.840103 0.000000
vt 0.354563 0.612971 0.000000
vt 0.313589 0.619179 0.000000
vt 0.315472 0.619179 0.000000
vt 0.365239 0.832073 0.000000
vt 0.379060 0.832073 0.000000
vt 0.367296 0.789353 0.000000
vt 0.379060 0.789353 0.000000
vt 0.379060 0.797383 0.000000
vt 0.365239 0.797383 0.000000
vt 0.261938 0.783619 0.000000
vt 0.272432 0.801401 0.000000
vt 0.261938 0.801401 0.000000
vt 0.272432 0.819183 0.000000
vt 0.315472 0.621643 0.000000
vt 0.313589 0.621643 0.000000
vt 0.365752 0.578923 0.000000
vt 0.365239 0.789353 0.000000
vt 0.365762 0.789353 0.000000
vt 0.261938 0.819183 0.000000
vt 0.272432 0.836965 0.000000
vt 0.261938 0.836965 0.000000
vt 0.261938 0.634249 0.000000
vt 0.269968 0.634249 0.000000
vt 0.370688 0.582413 0.000000
vt 0.354563 0.578923 0.000000
vt 0.365726 0.819688 0.000000
vt 0.365726 0.823400 0.000000
vt 0.272432 0.634249 0.000000
vt 0.370688 0.595840 0.000000
vt 0.370688 0.604298 0.000000
vt 0.354563 0.604298 0.000000
vt 0.365239 0.823400 0.000000
vt 0.365239 0.814728 0.000000
vt 0.365726 0.814728 0.000000
vt 0.365726 0.809767 0.000000
vt 0.365239 0.806055 0.000000
vt 0.365726 0.806055 0.000000
vt 0.375222 0.829608 0.000000
vt 0.379060 0.829608 0.000000
vt 0.365726 0.827562 0.000000
vt 0.250460 0.783619 0.000000
vt 0.260954 0.801401 0.000000
vt 0.370688 0.612757 0.000000
vt 0.370688 0.626184 0.000000
vt 0.250460 0.801401 0.000000
vt 0.260954 0.836965 0.000000
vt 0.250460 0.836965 0.000000
vt 0.365752 0.629673 0.000000
vt 0.354563 0.629673 0.000000
vt 0.250460 0.819183 0.000000
vt 0.391391 0.379163 0.000000
vt 0.391391 0.364773 0.000000
vt 0.405781 0.364773 0.000000
vt 0.405781 0.379163 0.000000
vt 0.431317 0.384736 0.000000
vt 0.445707 0.384736 0.000000
vt 0.445707 0.399126 0.000000
vt 0.431317 0.399126 0.000000
vt 0.015390 0.353460 0.000000
vt 0.001000 0.353460 0.000000
vt 0.001000 0.238340 0.000000
vt 0.015390 0.238340 0.000000
vt 0.015390 0.118338 0.000000
vt 0.001000 0.118338 0.000000
vt 0.001000 0.003218 0.000000
vt 0.015390 0.003218 0.000000
vt 0.015390 0.471020 0.000000
vt 0.001000 0.471020 0.000000
vt 0.001000 0.355901 0.000000
vt 0.015390 0.355901 0.000000
vt 0.015390 0.235899 0.000000
vt 0.001000 0.235899 0.000000
vt 0.001000 0.120779 0.000000
vt 0.015390 0.120779 0.000000
vt 0.389173 0.455661 0.000000
vt 0.389173 0.426881 0.000000
vt 0.402861 0.426881 0.000000
vt 0.402861 0.455661 0.000000
vt 0.358119 0.460153 0.000000
vt 0.371807 0.460153 0.000000
vt 0.371807 0.488933 0.000000
vt 0.358119 0.488933 0.000000
vt 0.238340 0.338535 0.000000
vt 0.238340 0.324847 0.000000
vt 0.267120 0.324847 0.000000
vt 0.267120 0.338535 0.000000
vt 0.907398 0.736652 0.000000
vt 0.907398 0.740190 0.000000
vt 0.903860 0.740190 0.000000
vt 0.903860 0.736652 0.000000
vt 0.196195 0.354062 0.000000
vt 0.196195 0.340374 0.000000
vt 0.224975 0.340374 0.000000
vt 0.224975 0.354062 0.000000
vt 0.216103 0.460153 0.000000
vt 0.216103 0.488933 0.000000
vt 0.187323 0.488933 0.000000
vt 0.187323 0.460153 0.000000
vt 0.327065 0.455661 0.000000
vt 0.327065 0.426881 0.000000
vt 0.340753 0.426881 0.000000
vt 0.340753 0.455661 0.000000
vt 0.415734 0.311538 0.000000
vt 0.415734 0.325226 0.000000
vt 0.386954 0.325226 0.000000
vt 0.386954 0.311538 0.000000
vt 0.389173 0.294172 0.000000
vt 0.389173 0.280484 0.000000
vt 0.417952 0.280484 0.000000
vt 0.417952 0.294172 0.000000
vt 0.952243 0.500759 0.000000
vt 0.948705 0.500759 0.000000
vt 0.948705 0.497221 0.000000
vt 0.952243 0.497221 0.000000
vt 0.386954 0.309699 0.000000
vt 0.386954 0.296011 0.000000
vt 0.415734 0.296011 0.000000
vt 0.415734 0.309699 0.000000
vt 0.309264 0.488933 0.000000
vt 0.280484 0.488933 0.000000
vt 0.280484 0.460153 0.000000
vt 0.309264 0.460153 0.000000
vt 0.436834 0.383599 0.000000
vt 0.422445 0.383599 0.000000
vt 0.422445 0.369209 0.000000
vt 0.436834 0.369209 0.000000
vt 0.359200 0.364773 0.000000
vt 0.359200 0.379163 0.000000
vt 0.344810 0.379163 0.000000
vt 0.344810 0.364773 0.000000
vt 0.052017 0.032054 0.000000
vt 0.167137 0.032054 0.000000
vt 0.167137 0.046444 0.000000
vt 0.052017 0.046444 0.000000
vt 0.406695 0.030917 0.000000
vt 0.291575 0.030917 0.000000
vt 0.291575 0.016527 0.000000
vt 0.406695 0.016527 0.000000
vt 0.171796 0.032054 0.000000
vt 0.286916 0.032054 0.000000
vt 0.286916 0.046444 0.000000
vt 0.171796 0.046444 0.000000
vt 0.134088 0.001000 0.000000
vt 0.249207 0.001000 0.000000
vt 0.249207 0.015390 0.000000
vt 0.134088 0.015390 0.000000
vt 0.449441 0.196140 0.000000
vt 0.435753 0.196140 0.000000
vt 0.435753 0.167360 0.000000
vt 0.449441 0.167360 0.000000
vt 0.464968 0.233904 0.000000
vt 0.464968 0.262683 0.000000
vt 0.451280 0.262683 0.000000
vt 0.451280 0.233904 0.000000
vt 0.094161 0.455661 0.000000
vt 0.094161 0.426881 0.000000
vt 0.107850 0.426881 0.000000
vt 0.107850 0.455661 0.000000
vt 0.562181 0.964095 0.000000
vt 0.562181 0.960557 0.000000
vt 0.565719 0.960557 0.000000
vt 0.565719 0.964095 0.000000
vt 0.047581 0.455661 0.000000
vt 0.047581 0.426881 0.000000
vt 0.061269 0.426881 0.000000
vt 0.061269 0.455661 0.000000
vt 0.129651 0.369154 0.000000
vt 0.129651 0.340374 0.000000
vt 0.158431 0.340374 0.000000
vt 0.158431 0.369154 0.000000
vt 0.309699 0.369154 0.000000
vt 0.296011 0.369154 0.000000
vt 0.296011 0.340374 0.000000
vt 0.309699 0.340374 0.000000
vt 0.480495 0.134088 0.000000
vt 0.480495 0.162868 0.000000
vt 0.466807 0.162868 0.000000
vt 0.466807 0.134088 0.000000
vt 0.420226 0.318192 0.000000
vt 0.449006 0.318192 0.000000
vt 0.449006 0.331881 0.000000
vt 0.420226 0.331881 0.000000
vt 0.553082 0.958154 0.000000
vt 0.553082 0.954616 0.000000
vt 0.556620 0.954616 0.000000
vt 0.556620 0.958154 0.000000
vt 0.466807 0.096324 0.000000
vt 0.466807 0.067544 0.000000
vt 0.480495 0.067544 0.000000
vt 0.480495 0.096324 0.000000
vt 0.320411 0.360281 0.000000
vt 0.320411 0.331501 0.000000
vt 0.349191 0.331501 0.000000
vt 0.349191 0.360281 0.000000
vt 0.053121 0.879263 0.000000
vt 0.053121 0.882843 0.000000
vt 0.039694 0.882843 0.000000
vt 0.039694 0.879263 0.000000
vt 0.044235 0.879263 0.000000
vt 0.052907 0.879263 0.000000
vt 0.070038 0.879263 0.000000
vt 0.070252 0.879263 0.000000
vt 0.078925 0.879263 0.000000
vt 0.083465 0.879263 0.000000
vt 0.083465 0.882843 0.000000
vt 0.070038 0.882843 0.000000
vt 0.061580 0.879263 0.000000
vt 0.039694 0.900626 0.000000
vt 0.036205 0.900626 0.000000
vt 0.036205 0.885308 0.000000
vt 0.037627 0.882843 0.000000
vt 0.085532 0.882843 0.000000
vt 0.086955 0.885308 0.000000
vt 0.086955 0.900626 0.000000
vt 0.083465 0.900626 0.000000
vt 0.053121 0.900626 0.000000
vt 0.070038 0.900626 0.000000
vt 0.053121 0.918407 0.000000
vt 0.299347 0.781076 0.000000
vt 0.306004 0.781076 0.000000
vt 0.039694 0.918407 0.000000
vt 0.231807 0.977364 0.000000
vt 0.214025 0.977364 0.000000
vt 0.214025 0.974053 0.000000
vt 0.214025 0.967396 0.000000
vt 0.070038 0.918407 0.000000
vt 0.053121 0.936190 0.000000
vt 0.039694 0.936190 0.000000
vt 0.306004 0.784626 0.000000
vt 0.296035 0.733876 0.000000
vt 0.299347 0.733876 0.000000
vt 0.299347 0.737425 0.000000
vt 0.309315 0.781076 0.000000
vt 0.231807 0.967396 0.000000
vt 0.231807 0.974053 0.000000
vt 0.231807 0.964085 0.000000
vt 0.281545 0.580321 0.000000
vt 0.281545 0.586979 0.000000
vt 0.263763 0.586979 0.000000
vt 0.263763 0.580321 0.000000
vt 0.036205 0.918407 0.000000
vt 0.309315 0.784626 0.000000
vt 0.306004 0.733876 0.000000
vt 0.306004 0.737425 0.000000
vt 0.309315 0.733876 0.000000
vt 0.309315 0.737425 0.000000
vt 0.411716 0.925976 0.000000
vt 0.411716 0.927159 0.000000
vt 0.393934 0.927159 0.000000
vt 0.393934 0.925976 0.000000
vt 0.314401 0.809881 0.000000
vt 0.311339 0.809881 0.000000
vt 0.311339 0.806570 0.000000
vt 0.214025 0.964085 0.000000
vt 0.214025 0.953937 0.000000
vt 0.231807 0.953937 0.000000
vt 0.249589 0.953937 0.000000
vt 0.231807 0.940479 0.000000
vt 0.263763 0.577010 0.000000
vt 0.281545 0.577010 0.000000
vt 0.281545 0.590290 0.000000
vt 0.295857 0.807452 0.000000
vt 0.295857 0.822003 0.000000
vt 0.295857 0.823186 0.000000
vt 0.393934 0.915610 0.000000
vt 0.289123 0.939131 0.000000
vt 0.282466 0.939131 0.000000
vt 0.411716 0.915610 0.000000
vt 0.411716 0.942892 0.000000
vt 0.411716 0.953258 0.000000
vt 0.292546 0.823186 0.000000
vt 0.292546 0.806269 0.000000
vt 0.295857 0.806269 0.000000
vt 0.416890 0.846442 0.000000
vt 0.434672 0.846442 0.000000
vt 0.292546 0.792842 0.000000
vt 0.434672 0.863359 0.000000
vt 0.295857 0.792842 0.000000
vt 0.295857 0.795904 0.000000
vt 0.355110 0.806570 0.000000
vt 0.295857 0.833551 0.000000
vt 0.355110 0.809881 0.000000
vt 0.352049 0.809881 0.000000
vt 0.295857 0.836613 0.000000
vt 0.236584 0.940479 0.000000
vt 0.249026 0.947663 0.000000
vt 0.249589 0.947988 0.000000
vt 0.196243 0.964085 0.000000
vt 0.281545 0.600437 0.000000
vt 0.263763 0.600437 0.000000
vt 0.263763 0.590290 0.000000
vt 0.299327 0.600437 0.000000
vt 0.299327 0.606387 0.000000
vt 0.292546 0.836613 0.000000
vt 0.279155 0.939131 0.000000
vt 0.279155 0.921349 0.000000
vt 0.296035 0.789353 0.000000
vt 0.299347 0.789353 0.000000
vt 0.416890 0.863359 0.000000
vt 0.434672 0.876786 0.000000
vt 0.416890 0.876786 0.000000
vt 0.416890 0.833015 0.000000
vt 0.434672 0.833015 0.000000
vt 0.299347 0.792902 0.000000
vt 0.307850 0.813370 0.000000
vt 0.307850 0.810059 0.000000
vt 0.403720 0.885168 0.000000
vt 0.407269 0.885168 0.000000
vt 0.407269 0.902950 0.000000
vt 0.196243 0.967396 0.000000
vt 0.178461 0.967396 0.000000
vt 0.178461 0.964085 0.000000
vt 0.298764 0.606712 0.000000
vt 0.286322 0.613896 0.000000
vt 0.281545 0.613896 0.000000
vt 0.245981 0.590290 0.000000
vt 0.299347 0.836553 0.000000
vt 0.299347 0.840103 0.000000
vt 0.282466 0.921349 0.000000
vt 0.289123 0.921349 0.000000
vt 0.079137 0.867729 0.000000
vt 0.061355 0.867729 0.000000
vt 0.292613 0.939131 0.000000
vt 0.292613 0.921349 0.000000
vt 0.296035 0.840103 0.000000
vt 0.434672 0.880275 0.000000
vt 0.416890 0.880275 0.000000
vt 0.311399 0.813370 0.000000
vt 0.311399 0.820028 0.000000
vt 0.307850 0.820028 0.000000
vt 0.311399 0.823339 0.000000
vt 0.307850 0.823339 0.000000
vt 0.358600 0.813370 0.000000
vt 0.416890 0.829525 0.000000
vt 0.178461 0.953937 0.000000
vt 0.196243 0.953937 0.000000
vt 0.196243 0.974053 0.000000
vt 0.196243 0.977364 0.000000
vt 0.178461 0.977364 0.000000
vt 0.178461 0.974053 0.000000
vt 0.306004 0.789353 0.000000
vt 0.306004 0.792902 0.000000
vt 0.403720 0.902950 0.000000
vt 0.160679 0.964085 0.000000
vt 0.160679 0.967396 0.000000
vt 0.142897 0.967396 0.000000
vt 0.142897 0.964085 0.000000
vt 0.142897 0.953937 0.000000
vt 0.245981 0.600437 0.000000
vt 0.228199 0.600437 0.000000
vt 0.061355 0.864179 0.000000
vt 0.228199 0.590290 0.000000
vt 0.079137 0.864179 0.000000
vt 0.309315 0.789353 0.000000
vt 0.309315 0.792902 0.000000
vt 0.228199 0.586979 0.000000
vt 0.245981 0.586979 0.000000
vt 0.245981 0.580321 0.000000
vt 0.228199 0.580321 0.000000
vt 0.228199 0.577010 0.000000
vt 0.245981 0.577010 0.000000
vt 0.434672 0.829525 0.000000
vt 0.358600 0.820028 0.000000
vt 0.355050 0.820028 0.000000
vt 0.371479 0.940479 0.000000
vt 0.256781 0.896480 0.000000
vt 0.260092 0.896480 0.000000
vt 0.381844 0.940479 0.000000
vt 0.381844 0.958261 0.000000
vt 0.371479 0.958261 0.000000
vt 0.370296 0.958261 0.000000
vt 0.370296 0.940479 0.000000
vt 0.355745 0.940479 0.000000
vt 0.321241 0.947795 0.000000
vt 0.339023 0.947795 0.000000
vt 0.355745 0.958261 0.000000
vt 0.355050 0.813370 0.000000
vt 0.339023 0.954452 0.000000
vt 0.358600 0.810059 0.000000
vt 0.339023 0.957763 0.000000
vt 0.321241 0.957763 0.000000
vt 0.358600 0.823339 0.000000
vt 0.296318 0.700119 0.000000
vt 0.299868 0.700119 0.000000
vt 0.160679 0.953937 0.000000
vt 0.160679 0.974053 0.000000
vt 0.160679 0.977364 0.000000
vt 0.037781 0.849234 0.000000
vt 0.035714 0.845654 0.000000
vt 0.034292 0.843190 0.000000
vt 0.034292 0.842525 0.000000
vt 0.042322 0.842525 0.000000
vt 0.210417 0.590290 0.000000
vt 0.210417 0.600437 0.000000
vt 0.192635 0.600437 0.000000
vt 0.192635 0.590290 0.000000
vt 0.192635 0.586979 0.000000
vt 0.355050 0.823339 0.000000
vt 0.083429 0.869766 0.000000
vt 0.260092 0.914262 0.000000
vt 0.256781 0.914262 0.000000
vt 0.083429 0.873077 0.000000
vt 0.250124 0.914262 0.000000
vt 0.250124 0.896480 0.000000
vt 0.066512 0.873077 0.000000
vt 0.066512 0.869766 0.000000
vt 0.140855 0.894567 0.000000
vt 0.140855 0.912349 0.000000
vt 0.067695 0.869766 0.000000
vt 0.127428 0.912349 0.000000
vt 0.082246 0.869766 0.000000
vt 0.093795 0.869766 0.000000
vt 0.096856 0.869766 0.000000
vt 0.127428 0.894567 0.000000
vt 0.096856 0.873077 0.000000
vt 0.053085 0.873077 0.000000
vt 0.321241 0.954452 0.000000
vt 0.321241 0.944305 0.000000
vt 0.339023 0.944305 0.000000
vt 0.299868 0.717901 0.000000
vt 0.296318 0.717901 0.000000
vt 0.142897 0.977364 0.000000
vt 0.142897 0.974053 0.000000
vt 0.125115 0.964085 0.000000
vt 0.125115 0.967396 0.000000
vt 0.107333 0.967396 0.000000
vt 0.042322 0.849234 0.000000
vt 0.034292 0.827872 0.000000
vt 0.407325 0.774526 0.000000
vt 0.416821 0.774526 0.000000
vt 0.416821 0.792308 0.000000
vt 0.414834 0.792308 0.000000
vt 0.414509 0.791745 0.000000
vt 0.407325 0.779303 0.000000
vt 0.210417 0.586979 0.000000
vt 0.192635 0.580321 0.000000
vt 0.192635 0.577010 0.000000
vt 0.300246 0.717901 0.000000
vt 0.300246 0.700119 0.000000
vt 0.034292 0.825924 0.000000
vt 0.034292 0.825599 0.000000
vt 0.042322 0.825599 0.000000
vt 0.034292 0.802613 0.000000
vt 0.034292 0.792308 0.000000
vt 0.339023 0.973067 0.000000
vt 0.246634 0.896480 0.000000
vt 0.246634 0.914262 0.000000
vt 0.053085 0.869766 0.000000
vt 0.110511 0.912349 0.000000
vt 0.110511 0.894567 0.000000
vt 0.097084 0.912349 0.000000
vt 0.097084 0.894567 0.000000
vt 0.144344 0.894567 0.000000
vt 0.144344 0.912349 0.000000
vt 0.056147 0.869766 0.000000
vt 0.096796 0.866276 0.000000
vt 0.100346 0.866276 0.000000
vt 0.107333 0.964085 0.000000
vt 0.107333 0.953937 0.000000
vt 0.125115 0.953937 0.000000
vt 0.125115 0.974053 0.000000
vt 0.322553 0.844829 0.000000
vt 0.360083 0.705746 0.000000
vt 0.329058 0.815467 0.000000
vt 0.329058 0.811917 0.000000
vt 0.125115 0.977364 0.000000
vt 0.107333 0.977364 0.000000
vt 0.107333 0.974053 0.000000
vt 0.034292 0.791745 0.000000
vt 0.042322 0.791745 0.000000
vt 0.426316 0.792308 0.000000
vt 0.426316 0.810090 0.000000
vt 0.425100 0.810090 0.000000
vt 0.424282 0.808672 0.000000
vt 0.416821 0.795750 0.000000
vt 0.042322 0.808672 0.000000
vt 0.034292 0.808672 0.000000
vt 0.210417 0.577010 0.000000
vt 0.210417 0.580321 0.000000
vt 0.174853 0.590290 0.000000
vt 0.174853 0.600437 0.000000
vt 0.157071 0.600437 0.000000
vt 0.321241 0.973067 0.000000
vt 0.114429 0.819476 0.000000
vt 0.107246 0.831918 0.000000
vt 0.106921 0.832481 0.000000
vt 0.104934 0.832481 0.000000
vt 0.104934 0.814699 0.000000
vt 0.114429 0.814699 0.000000
vt 0.100346 0.869587 0.000000
vt 0.049596 0.869587 0.000000
vt 0.157071 0.590290 0.000000
vt 0.157071 0.586979 0.000000
vt 0.174853 0.586979 0.000000
vt 0.157071 0.580321 0.000000
vt 0.093595 0.912349 0.000000
vt 0.322553 0.848140 0.000000
vt 0.321370 0.848140 0.000000
vt 0.306820 0.848140 0.000000
vt 0.305636 0.848140 0.000000
vt 0.305636 0.844829 0.000000
vt 0.335980 0.844829 0.000000
vt 0.335980 0.848140 0.000000
vt 0.332919 0.848140 0.000000
vt 0.093595 0.894567 0.000000
vt 0.295271 0.848140 0.000000
vt 0.292210 0.848140 0.000000
vt 0.353425 0.705746 0.000000
vt 0.346840 0.811917 0.000000
vt 0.346840 0.815467 0.000000
vt 0.353425 0.687964 0.000000
vt 0.360083 0.687964 0.000000
vt 0.089551 0.964085 0.000000
vt 0.089551 0.967396 0.000000
vt 0.071769 0.967396 0.000000
vt 0.071769 0.964085 0.000000
vt 0.071769 0.953937 0.000000
vt 0.044786 0.792308 0.000000
vt 0.044786 0.795750 0.000000
vt 0.433350 0.810090 0.000000
vt 0.435812 0.810090 0.000000
vt 0.435812 0.827872 0.000000
vt 0.435367 0.827872 0.000000
vt 0.434054 0.825599 0.000000
vt 0.433350 0.824379 0.000000
vt 0.433350 0.578923 0.000000
vt 0.434242 0.578923 0.000000
vt 0.104934 0.835922 0.000000
vt 0.097473 0.848845 0.000000
vt 0.044786 0.808672 0.000000
vt 0.044786 0.791745 0.000000
vt 0.157071 0.577010 0.000000
vt 0.174853 0.577010 0.000000
vt 0.174853 0.580321 0.000000
vt 0.334797 0.790874 0.000000
vt 0.352579 0.790874 0.000000
vt 0.216026 0.914262 0.000000
vt 0.292210 0.844829 0.000000
vt 0.096654 0.850263 0.000000
vt 0.095438 0.850263 0.000000
vt 0.095438 0.832481 0.000000
vt 0.216026 0.896480 0.000000
vt 0.288720 0.858288 0.000000
vt 0.292269 0.858288 0.000000
vt 0.219337 0.896480 0.000000
vt 0.225995 0.896480 0.000000
vt 0.225995 0.914262 0.000000
vt 0.339023 0.941780 0.000000
vt 0.321241 0.941780 0.000000
vt 0.321241 0.931414 0.000000
vt 0.321241 0.930231 0.000000
vt 0.339023 0.930231 0.000000
vt 0.339023 0.931414 0.000000
vt 0.339023 0.915681 0.000000
vt 0.363394 0.687964 0.000000
vt 0.363394 0.705746 0.000000
vt 0.321241 0.915681 0.000000
vt 0.349936 0.705746 0.000000
vt 0.179079 0.898461 0.000000
vt 0.349936 0.687964 0.000000
vt 0.179079 0.901772 0.000000
vt 0.089551 0.953937 0.000000
vt 0.089551 0.974053 0.000000
vt 0.089551 0.977364 0.000000
vt 0.071769 0.977364 0.000000
vt 0.412617 0.897793 0.000000
vt 0.316084 0.648356 0.000000
vt 0.319376 0.700119 0.000000
vt 0.322926 0.700119 0.000000
vt 0.071769 0.974053 0.000000
vt 0.285153 0.977364 0.000000
vt 0.267371 0.977364 0.000000
vt 0.081552 0.849234 0.000000
vt 0.077012 0.849234 0.000000
vt 0.435812 0.578923 0.000000
vt 0.435812 0.596705 0.000000
vt 0.433350 0.596705 0.000000
vt 0.426317 0.578923 0.000000
vt 0.426317 0.596705 0.000000
vt 0.416821 0.596705 0.000000
vt 0.077012 0.842525 0.000000
vt 0.085042 0.842525 0.000000
vt 0.416821 0.578923 0.000000
vt 0.420784 0.578923 0.000000
vt 0.088405 0.850263 0.000000
vt 0.088405 0.864551 0.000000
vt 0.087700 0.865771 0.000000
vt 0.085042 0.843190 0.000000
vt 0.083619 0.845654 0.000000
vt 0.139289 0.590290 0.000000
vt 0.139289 0.600437 0.000000
vt 0.121507 0.600437 0.000000
vt 0.121507 0.590290 0.000000
vt 0.121507 0.586979 0.000000
vt 0.352579 0.794424 0.000000
vt 0.334797 0.794424 0.000000
vt 0.219337 0.914262 0.000000
vt 0.229484 0.914262 0.000000
vt 0.086388 0.868045 0.000000
vt 0.085943 0.868045 0.000000
vt 0.085943 0.850263 0.000000
vt 0.095438 0.619096 0.000000
vt 0.100971 0.619096 0.000000
vt 0.229484 0.896480 0.000000
vt 0.162162 0.901772 0.000000
vt 0.162162 0.898461 0.000000
vt 0.291198 0.785527 0.000000
vt 0.291198 0.789016 0.000000
vt 0.163345 0.898461 0.000000
vt 0.273416 0.789016 0.000000
vt 0.177895 0.898461 0.000000
vt 0.189444 0.898461 0.000000
vt 0.192506 0.898461 0.000000
vt 0.273416 0.785527 0.000000
vt 0.192506 0.901772 0.000000
vt 0.148735 0.901772 0.000000
vt 0.148735 0.898461 0.000000
vt 0.291198 0.832787 0.000000
vt 0.273416 0.832787 0.000000
vt 0.273416 0.819360 0.000000
vt 0.409306 0.897793 0.000000
vt 0.409306 0.896609 0.000000
vt 0.409306 0.882059 0.000000
vt 0.309426 0.648356 0.000000
vt 0.322926 0.717901 0.000000
vt 0.319376 0.717901 0.000000
vt 0.309426 0.630574 0.000000
vt 0.316084 0.630574 0.000000
vt 0.267371 0.967396 0.000000
vt 0.283205 0.967396 0.000000
vt 0.285153 0.968520 0.000000
vt 0.249589 0.977364 0.000000
vt 0.249589 0.974053 0.000000
vt 0.085042 0.827872 0.000000
vt 0.077012 0.825599 0.000000
vt 0.407325 0.756744 0.000000
vt 0.416821 0.756744 0.000000
vt 0.426316 0.774526 0.000000
vt 0.407325 0.738962 0.000000
vt 0.416821 0.738962 0.000000
vt 0.085042 0.825599 0.000000
vt 0.085042 0.825924 0.000000
vt 0.074547 0.792308 0.000000
vt 0.074547 0.791745 0.000000
vt 0.426316 0.756744 0.000000
vt 0.433350 0.774526 0.000000
vt 0.104934 0.619096 0.000000
vt 0.104934 0.636878 0.000000
vt 0.095438 0.636878 0.000000
vt 0.088405 0.619096 0.000000
vt 0.077012 0.791745 0.000000
vt 0.077012 0.808672 0.000000
vt 0.139289 0.586979 0.000000
vt 0.151796 0.898461 0.000000
vt 0.121507 0.580321 0.000000
vt 0.121507 0.577010 0.000000
vt 0.297893 0.818894 0.000000
vt 0.297893 0.801112 0.000000
vt 0.298285 0.932827 0.000000
vt 0.409306 0.880876 0.000000
vt 0.139289 0.577010 0.000000
vt 0.139289 0.580321 0.000000
vt 0.334891 0.577010 0.000000
vt 0.334891 0.585854 0.000000
vt 0.145245 0.885002 0.000000
vt 0.088405 0.636878 0.000000
vt 0.085943 0.636878 0.000000
vt 0.085943 0.619096 0.000000
vt 0.074547 0.808672 0.000000
vt 0.074547 0.795750 0.000000
vt 0.087513 0.619096 0.000000
vt 0.148795 0.885002 0.000000
vt 0.291198 0.819360 0.000000
vt 0.273416 0.802443 0.000000
vt 0.291198 0.802443 0.000000
vt 0.291198 0.836277 0.000000
vt 0.412617 0.880876 0.000000
vt 0.412617 0.867449 0.000000
vt 0.319395 0.630574 0.000000
vt 0.319395 0.648356 0.000000
vt 0.346239 0.788838 0.000000
vt 0.305937 0.648356 0.000000
vt 0.305937 0.630574 0.000000
vt 0.331688 0.788838 0.000000
vt 0.249589 0.967396 0.000000
vt 0.053987 0.964085 0.000000
vt 0.053987 0.967396 0.000000
vt 0.036205 0.967396 0.000000
vt 0.324619 0.639839 0.000000
vt 0.425124 0.904697 0.000000
vt 0.184182 0.867391 0.000000
vt 0.184182 0.863842 0.000000
vt 0.036205 0.953937 0.000000
vt 0.053987 0.953937 0.000000
vt 0.053987 0.974053 0.000000
vt 0.085042 0.808672 0.000000
vt 0.085042 0.791745 0.000000
vt 0.433350 0.792308 0.000000
vt 0.407325 0.721180 0.000000
vt 0.416821 0.721180 0.000000
vt 0.426316 0.738962 0.000000
vt 0.433350 0.756744 0.000000
vt 0.085042 0.792308 0.000000
vt 0.085042 0.802613 0.000000
vt 0.034292 0.774526 0.000000
vt 0.044786 0.774526 0.000000
vt 0.044786 0.779303 0.000000
vt 0.042322 0.779303 0.000000
vt 0.435812 0.774526 0.000000
vt 0.435812 0.792308 0.000000
vt 0.407325 0.703398 0.000000
vt 0.034292 0.779303 0.000000
vt 0.104934 0.796917 0.000000
vt 0.114429 0.796917 0.000000
vt 0.095438 0.814699 0.000000
vt 0.095438 0.796917 0.000000
vt 0.104934 0.779135 0.000000
vt 0.085042 0.779303 0.000000
vt 0.077012 0.779303 0.000000
vt 0.332943 0.586979 0.000000
vt 0.317109 0.586979 0.000000
vt 0.317109 0.577010 0.000000
vt 0.299327 0.586979 0.000000
vt 0.299327 0.580321 0.000000
vt 0.301443 0.801112 0.000000
vt 0.301443 0.818894 0.000000
vt 0.316067 0.932827 0.000000
vt 0.409306 0.870510 0.000000
vt 0.316067 0.936138 0.000000
vt 0.316067 0.942796 0.000000
vt 0.409306 0.867449 0.000000
vt 0.412617 0.911220 0.000000
vt 0.273416 0.836277 0.000000
vt 0.114429 0.779135 0.000000
vt 0.088405 0.832481 0.000000
vt 0.074547 0.779303 0.000000
vt 0.409306 0.911220 0.000000
vt 0.409306 0.908158 0.000000
vt 0.399158 0.863959 0.000000
vt 0.399158 0.867509 0.000000
vt 0.354562 0.883089 0.000000
vt 0.355745 0.883089 0.000000
vt 0.355745 0.900871 0.000000
vt 0.354562 0.900871 0.000000
vt 0.330505 0.788838 0.000000
vt 0.330505 0.785527 0.000000
vt 0.346675 0.609531 0.000000
vt 0.346675 0.613021 0.000000
vt 0.328893 0.613021 0.000000
vt 0.328893 0.609531 0.000000
vt 0.324619 0.656756 0.000000
vt 0.321308 0.656756 0.000000
vt 0.321308 0.655572 0.000000
vt 0.418467 0.904697 0.000000
vt 0.201964 0.863842 0.000000
vt 0.201964 0.867391 0.000000
vt 0.418467 0.886915 0.000000
vt 0.425124 0.886915 0.000000
vt 0.053987 0.977364 0.000000
vt 0.036205 0.977364 0.000000
vt 0.299807 0.976981 0.000000
vt 0.300471 0.977364 0.000000
vt 0.267371 0.958254 0.000000
vt 0.074547 0.774526 0.000000
vt 0.085042 0.774526 0.000000
vt 0.416821 0.703398 0.000000
vt 0.426316 0.721180 0.000000
vt 0.433350 0.738962 0.000000
vt 0.435812 0.756744 0.000000
vt 0.426316 0.812196 0.000000
vt 0.046833 0.827872 0.000000
vt 0.054706 0.827872 0.000000
vt 0.054706 0.828643 0.000000
vt 0.050994 0.828643 0.000000
vt 0.046833 0.828643 0.000000
vt 0.064627 0.827872 0.000000
vt 0.064627 0.828643 0.000000
vt 0.088405 0.814699 0.000000
vt 0.088405 0.796917 0.000000
vt 0.095438 0.779135 0.000000
vt 0.104934 0.761353 0.000000
vt 0.114429 0.761353 0.000000
vt 0.059667 0.828643 0.000000
vt 0.072501 0.827872 0.000000
vt 0.299327 0.577010 0.000000
vt 0.347422 0.785527 0.000000
vt 0.103725 0.590290 0.000000
vt 0.103725 0.600437 0.000000
vt 0.309928 0.854105 0.000000
vt 0.327710 0.854105 0.000000
vt 0.321241 0.969756 0.000000
vt 0.321308 0.641022 0.000000
vt 0.085943 0.600437 0.000000
vt 0.085943 0.586979 0.000000
vt 0.103725 0.586979 0.000000
vt 0.085943 0.577010 0.000000
vt 0.298285 0.942796 0.000000
vt 0.298285 0.936138 0.000000
vt 0.347422 0.788838 0.000000
vt 0.316067 0.946285 0.000000
vt 0.298285 0.946285 0.000000
vt 0.085943 0.832481 0.000000
vt 0.085943 0.814699 0.000000
vt 0.085943 0.796917 0.000000
vt 0.072501 0.828643 0.000000
vt 0.344196 0.900871 0.000000
vt 0.344196 0.883089 0.000000
vt 0.381844 0.883089 0.000000
vt 0.381844 0.900871 0.000000
vt 0.357788 0.788838 0.000000
vt 0.360849 0.785527 0.000000
vt 0.360849 0.788838 0.000000
vt 0.346675 0.626448 0.000000
vt 0.328893 0.626448 0.000000
vt 0.320140 0.788838 0.000000
vt 0.317078 0.788838 0.000000
vt 0.328893 0.660281 0.000000
vt 0.321308 0.639839 0.000000
vt 0.324619 0.626412 0.000000
vt 0.428436 0.886915 0.000000
vt 0.428436 0.904697 0.000000
vt 0.409306 0.844959 0.000000
vt 0.414977 0.904697 0.000000
vt 0.414977 0.886915 0.000000
vt 0.409306 0.830408 0.000000
vt 0.282880 0.967208 0.000000
vt 0.249589 0.964085 0.000000
vt 0.214025 0.940479 0.000000
vt 0.196243 0.940479 0.000000
vt 0.144945 0.848655 0.000000
vt 0.316067 0.920834 0.000000
vt 0.174787 0.888946 0.000000
vt 0.174787 0.892496 0.000000
vt 0.178461 0.940479 0.000000
vt 0.160679 0.940479 0.000000
vt 0.142897 0.940479 0.000000
vt 0.068339 0.828643 0.000000
vt 0.046833 0.578923 0.000000
vt 0.407325 0.685616 0.000000
vt 0.416821 0.685616 0.000000
vt 0.426316 0.703398 0.000000
vt 0.433350 0.721180 0.000000
vt 0.435812 0.738962 0.000000
vt 0.051208 0.578923 0.000000
vt 0.054706 0.578923 0.000000
vt 0.054706 0.596705 0.000000
vt 0.046833 0.596705 0.000000
vt 0.064627 0.578923 0.000000
vt 0.068125 0.578923 0.000000
vt 0.072501 0.578923 0.000000
vt 0.088405 0.779135 0.000000
vt 0.095438 0.761353 0.000000
vt 0.104934 0.743571 0.000000
vt 0.114429 0.743571 0.000000
vt 0.095438 0.852369 0.000000
vt 0.072501 0.596705 0.000000
vt 0.064627 0.596705 0.000000
vt 0.103725 0.577010 0.000000
vt 0.103725 0.580321 0.000000
vt 0.350209 0.577010 0.000000
vt 0.349545 0.577394 0.000000
vt 0.332618 0.587167 0.000000
vt 0.327710 0.857655 0.000000
vt 0.309928 0.857655 0.000000
vt 0.321241 0.963099 0.000000
vt 0.321308 0.629473 0.000000
vt 0.339023 0.963099 0.000000
vt 0.339023 0.969756 0.000000
vt 0.321308 0.626412 0.000000
vt 0.324619 0.670182 0.000000
vt 0.328893 0.656792 0.000000
vt 0.346675 0.656792 0.000000
vt 0.346675 0.660281 0.000000
vt 0.346675 0.643365 0.000000
vt 0.317078 0.785527 0.000000
vt 0.364339 0.802296 0.000000
vt 0.051208 0.849234 0.000000
vt 0.360789 0.802296 0.000000
vt 0.328893 0.643365 0.000000
vt 0.321308 0.670182 0.000000
vt 0.321308 0.667121 0.000000
vt 0.311161 0.622922 0.000000
vt 0.434672 0.943193 0.000000
vt 0.434672 0.944376 0.000000
vt 0.416890 0.944376 0.000000
vt 0.416890 0.943193 0.000000
vt 0.409306 0.829225 0.000000
vt 0.412617 0.829225 0.000000
vt 0.348588 0.716659 0.000000
vt 0.348588 0.720149 0.000000
vt 0.330806 0.720149 0.000000
vt 0.330806 0.716659 0.000000
vt 0.161862 0.848655 0.000000
vt 0.161862 0.851966 0.000000
vt 0.160679 0.851966 0.000000
vt 0.316067 0.927492 0.000000
vt 0.157005 0.892496 0.000000
vt 0.157005 0.888946 0.000000
vt 0.298285 0.927492 0.000000
vt 0.298285 0.920834 0.000000
vt 0.125115 0.940479 0.000000
vt 0.107333 0.940479 0.000000
vt 0.089551 0.940479 0.000000
vt 0.071769 0.940479 0.000000
vt 0.050994 0.849234 0.000000
vt 0.050994 0.842525 0.000000
vt 0.407325 0.667834 0.000000
vt 0.416821 0.667834 0.000000
vt 0.426316 0.685616 0.000000
vt 0.433350 0.703398 0.000000
vt 0.435812 0.721180 0.000000
vt 0.059667 0.842525 0.000000
vt 0.059667 0.849234 0.000000
vt 0.034292 0.810090 0.000000
vt 0.068125 0.849234 0.000000
vt 0.068339 0.842525 0.000000
vt 0.068339 0.849234 0.000000
vt 0.085943 0.779135 0.000000
vt 0.088405 0.761353 0.000000
vt 0.095438 0.743571 0.000000
vt 0.104934 0.725788 0.000000
vt 0.114429 0.725788 0.000000
vt 0.085042 0.810090 0.000000
vt 0.034292 0.756744 0.000000
vt 0.317109 0.596121 0.000000
vt 0.412617 0.846142 0.000000
vt 0.299327 0.590290 0.000000
vt 0.263763 0.613896 0.000000
vt 0.297893 0.763417 0.000000
vt 0.297893 0.745635 0.000000
vt 0.196896 0.886915 0.000000
vt 0.146128 0.851966 0.000000
vt 0.245981 0.613896 0.000000
vt 0.228199 0.613896 0.000000
vt 0.210417 0.613896 0.000000
vt 0.192635 0.613896 0.000000
vt 0.321241 0.959609 0.000000
vt 0.339023 0.959609 0.000000
vt 0.409306 0.846142 0.000000
vt 0.214678 0.886915 0.000000
vt 0.214678 0.890226 0.000000
vt 0.311161 0.626472 0.000000
vt 0.044786 0.756744 0.000000
vt 0.416890 0.932827 0.000000
vt 0.434672 0.932827 0.000000
vt 0.434672 0.960109 0.000000
vt 0.434672 0.970475 0.000000
vt 0.409306 0.856507 0.000000
vt 0.412617 0.859569 0.000000
vt 0.409306 0.859569 0.000000
vt 0.348588 0.733576 0.000000
vt 0.330806 0.733576 0.000000
vt 0.409306 0.818860 0.000000
vt 0.409306 0.815798 0.000000
vt 0.330806 0.767409 0.000000
vt 0.144945 0.851966 0.000000
vt 0.131518 0.848655 0.000000
vt 0.298285 0.917523 0.000000
vt 0.316067 0.917523 0.000000
vt 0.369948 0.974980 0.000000
vt 0.316067 0.930981 0.000000
vt 0.298285 0.930981 0.000000
vt 0.384499 0.974980 0.000000
vt 0.053987 0.940479 0.000000
vt 0.036205 0.940479 0.000000
vt 0.259894 0.953937 0.000000
vt 0.532305 0.954269 0.000000
vt 0.535722 0.954269 0.000000
vt 0.535497 0.954540 0.000000
vt 0.535497 0.956679 0.000000
vt 0.535497 0.958362 0.000000
vt 0.532305 0.958362 0.000000
vt 0.265953 0.957435 0.000000
vt 0.034292 0.738962 0.000000
vt 0.044786 0.738962 0.000000
vt 0.407325 0.650052 0.000000
vt 0.416821 0.650052 0.000000
vt 0.426316 0.667834 0.000000
vt 0.433350 0.685616 0.000000
vt 0.435812 0.703398 0.000000
vt 0.074547 0.756744 0.000000
vt 0.085042 0.756744 0.000000
vt 0.034292 0.721180 0.000000
vt 0.044786 0.721180 0.000000
vt 0.085943 0.761353 0.000000
vt 0.088405 0.743571 0.000000
vt 0.095438 0.725788 0.000000
vt 0.104934 0.708006 0.000000
vt 0.114429 0.708006 0.000000
vt 0.074547 0.738962 0.000000
vt 0.085042 0.738962 0.000000
vt 0.174853 0.613896 0.000000
vt 0.157071 0.613896 0.000000
vt 0.139289 0.613896 0.000000
vt 0.121507 0.613896 0.000000
vt 0.301443 0.745635 0.000000
vt 0.301443 0.763417 0.000000
vt 0.214678 0.896884 0.000000
vt 0.134579 0.851966 0.000000
vt 0.196896 0.896884 0.000000
vt 0.196896 0.890226 0.000000
vt 0.131518 0.851966 0.000000
vt 0.175289 0.848655 0.000000
vt 0.330806 0.763919 0.000000
vt 0.348588 0.763919 0.000000
vt 0.348588 0.767409 0.000000
vt 0.348588 0.750492 0.000000
vt 0.412617 0.815798 0.000000
vt 0.395847 0.863059 0.000000
vt 0.395847 0.859509 0.000000
vt 0.330806 0.750492 0.000000
vt 0.175289 0.851966 0.000000
vt 0.172227 0.851966 0.000000
vt 0.128028 0.862114 0.000000
vt 0.354562 0.921349 0.000000
vt 0.355745 0.921349 0.000000
vt 0.355745 0.939131 0.000000
vt 0.354562 0.939131 0.000000
vt 0.385682 0.974980 0.000000
vt 0.385682 0.978291 0.000000
vt 0.291198 0.674573 0.000000
vt 0.291198 0.678063 0.000000
vt 0.273416 0.678063 0.000000
vt 0.273416 0.674573 0.000000
vt 0.547740 0.958362 0.000000
vt 0.544548 0.958362 0.000000
vt 0.544548 0.956679 0.000000
vt 0.544548 0.954540 0.000000
vt 0.544323 0.954269 0.000000
vt 0.407325 0.632269 0.000000
vt 0.416821 0.632270 0.000000
vt 0.034292 0.703398 0.000000
vt 0.044786 0.703398 0.000000
vt 0.426316 0.650052 0.000000
vt 0.433350 0.667834 0.000000
vt 0.435812 0.685616 0.000000
vt 0.407325 0.614488 0.000000
vt 0.416821 0.614488 0.000000
vt 0.426316 0.632270 0.000000
vt 0.433350 0.650052 0.000000
vt 0.435812 0.667834 0.000000
vt 0.547740 0.954269 0.000000
vt 0.537450 0.950176 0.000000
vt 0.542595 0.950176 0.000000
vt 0.074547 0.721180 0.000000
vt 0.085042 0.721180 0.000000
vt 0.407325 0.596705 0.000000
vt 0.426316 0.614488 0.000000
vt 0.433350 0.632270 0.000000
vt 0.435812 0.650052 0.000000
vt 0.034292 0.685616 0.000000
vt 0.044786 0.685616 0.000000
vt 0.046833 0.792308 0.000000
vt 0.046833 0.774526 0.000000
vt 0.085943 0.743571 0.000000
vt 0.088405 0.725788 0.000000
vt 0.095438 0.708006 0.000000
vt 0.104934 0.690224 0.000000
vt 0.114429 0.690224 0.000000
vt 0.054706 0.774526 0.000000
vt 0.054706 0.792308 0.000000
vt 0.103725 0.613896 0.000000
vt 0.368765 0.978291 0.000000
vt 0.542595 0.953791 0.000000
vt 0.541531 0.953791 0.000000
vt 0.538514 0.953791 0.000000
vt 0.537450 0.953791 0.000000
vt 0.535497 0.959567 0.000000
vt 0.535497 0.962455 0.000000
vt 0.085943 0.613896 0.000000
vt 0.309632 0.600437 0.000000
vt 0.315691 0.596939 0.000000
vt 0.214678 0.900374 0.000000
vt 0.196896 0.900374 0.000000
vt 0.368765 0.974980 0.000000
vt 0.074547 0.703398 0.000000
vt 0.085042 0.703398 0.000000
vt 0.131578 0.862114 0.000000
vt 0.344196 0.939131 0.000000
vt 0.344196 0.921349 0.000000
vt 0.371479 0.921349 0.000000
vt 0.381844 0.921349 0.000000
vt 0.358400 0.974980 0.000000
vt 0.355338 0.978291 0.000000
vt 0.355338 0.974980 0.000000
vt 0.291198 0.691490 0.000000
vt 0.273416 0.691490 0.000000
vt 0.396047 0.974980 0.000000
vt 0.399109 0.974980 0.000000
vt 0.273416 0.725323 0.000000
vt 0.034292 0.667834 0.000000
vt 0.044786 0.667834 0.000000
vt 0.046833 0.756744 0.000000
vt 0.532305 0.962455 0.000000
vt 0.547740 0.962455 0.000000
vt 0.544548 0.962455 0.000000
vt 0.544548 0.959567 0.000000
vt 0.054706 0.756744 0.000000
vt 0.435812 0.614488 0.000000
vt 0.433350 0.614488 0.000000
vt 0.407325 0.578923 0.000000
vt 0.435812 0.632269 0.000000
vt 0.054706 0.810090 0.000000
vt 0.046833 0.810090 0.000000
vt 0.064627 0.774526 0.000000
vt 0.064627 0.792308 0.000000
vt 0.085943 0.725788 0.000000
vt 0.088405 0.708006 0.000000
vt 0.095438 0.690224 0.000000
vt 0.104934 0.672442 0.000000
vt 0.114429 0.672442 0.000000
vt 0.074547 0.685616 0.000000
vt 0.085042 0.685616 0.000000
vt 0.532305 0.951237 0.000000
vt 0.533366 0.950176 0.000000
vt 0.536119 0.953791 0.000000
vt 0.085943 0.708006 0.000000
vt 0.088405 0.690224 0.000000
vt 0.095438 0.672442 0.000000
vt 0.104934 0.654660 0.000000
vt 0.114429 0.654660 0.000000
vt 0.085943 0.690224 0.000000
vt 0.088405 0.672442 0.000000
vt 0.095438 0.654660 0.000000
vt 0.072501 0.792308 0.000000
vt 0.072501 0.774526 0.000000
vt 0.114429 0.636878 0.000000
vt 0.543926 0.953791 0.000000
vt 0.546679 0.950176 0.000000
vt 0.547740 0.951237 0.000000
vt 0.399109 0.978291 0.000000
vt 0.273416 0.721833 0.000000
vt 0.291198 0.721833 0.000000
vt 0.351848 0.961522 0.000000
vt 0.291198 0.725323 0.000000
vt 0.291198 0.708406 0.000000
vt 0.355398 0.961522 0.000000
vt 0.273416 0.708406 0.000000
vt 0.034292 0.650052 0.000000
vt 0.044786 0.650052 0.000000
vt 0.046833 0.738962 0.000000
vt 0.054706 0.738962 0.000000
vt 0.064627 0.756744 0.000000
vt 0.064627 0.810090 0.000000
vt 0.072501 0.756744 0.000000
vt 0.085943 0.672442 0.000000
vt 0.088405 0.654660 0.000000
vt 0.114429 0.619096 0.000000
vt 0.085943 0.654660 0.000000
vt 0.074547 0.667834 0.000000
vt 0.085042 0.667834 0.000000
vt 0.072501 0.810090 0.000000
vt 0.034292 0.632269 0.000000
vt 0.044786 0.632269 0.000000
vt 0.046833 0.721180 0.000000
vt 0.054706 0.721180 0.000000
vt 0.064627 0.738962 0.000000
vt 0.072501 0.738962 0.000000
vt 0.074547 0.650052 0.000000
vt 0.085042 0.650052 0.000000
vt 0.034292 0.614488 0.000000
vt 0.044786 0.614488 0.000000
vt 0.046833 0.703398 0.000000
vt 0.054706 0.703398 0.000000
vt 0.064627 0.721180 0.000000
vt 0.072501 0.721180 0.000000
vt 0.074547 0.632269 0.000000
vt 0.085042 0.632269 0.000000
vt 0.034292 0.596705 0.000000
vt 0.044786 0.596705 0.000000
vt 0.046833 0.685616 0.000000
vt 0.054706 0.685616 0.000000
vt 0.064627 0.703398 0.000000
vt 0.072501 0.703398 0.000000
vt 0.074547 0.614488 0.000000
vt 0.085042 0.614488 0.000000
vt 0.034292 0.578923 0.000000
vt 0.044786 0.578923 0.000000
vt 0.046833 0.667834 0.000000
vt 0.054706 0.667834 0.000000
vt 0.064627 0.685616 0.000000
vt 0.072501 0.685616 0.000000
vt 0.074547 0.596705 0.000000
vt 0.085042 0.596705 0.000000
vt 0.046833 0.650052 0.000000
vt 0.054706 0.650052 0.000000
vt 0.064627 0.667834 0.000000
vt 0.072501 0.667834 0.000000
vt 0.074547 0.578923 0.000000
vt 0.085042 0.578923 0.000000
vt 0.054706 0.614488 0.000000
vt 0.046833 0.614488 0.000000
vt 0.046833 0.632269 0.000000
vt 0.054706 0.632269 0.000000
vt 0.064627 0.650052 0.000000
vt 0.072501 0.650052 0.000000
vt 0.064627 0.614488 0.000000
vt 0.072501 0.614488 0.000000
vt 0.064627 0.632269 0.000000
vt 0.072501 0.632269 0.000000
vt 0.046462 0.827872 0.000000
vt 0.045371 0.825599 0.000000
vt 0.044786 0.810090 0.000000
vt 0.044786 0.812196 0.000000
vt 0.044786 0.824379 0.000000
vt 0.073962 0.825599 0.000000
vt 0.072871 0.827872 0.000000
vt 0.074547 0.824379 0.000000
vt 0.074547 0.812196 0.000000
vt 0.074547 0.810090 0.000000
vt 0.552180 0.962594 0.000000
vt 0.548642 0.962594 0.000000
vt 0.548642 0.959056 0.000000
vt 0.552180 0.959056 0.000000
vt 0.893901 0.704719 0.000000
vt 0.890363 0.704719 0.000000
vt 0.890363 0.701181 0.000000
vt 0.893901 0.701181 0.000000
vt 0.570159 0.964095 0.000000
vt 0.566621 0.964095 0.000000
vt 0.566621 0.960557 0.000000
vt 0.570159 0.960557 0.000000
vt 0.854487 0.731322 0.000000
vt 0.854487 0.727784 0.000000
vt 0.858025 0.727784 0.000000
vt 0.365854 0.410217 0.000000
vt 0.351464 0.410217 0.000000
vt 0.351464 0.395827 0.000000
vt 0.365854 0.395827 0.000000
vt 0.425744 0.400263 0.000000
vt 0.425744 0.414653 0.000000
vt 0.411354 0.414653 0.000000
vt 0.411354 0.400263 0.000000
vt 0.125215 0.198190 0.000000
vt 0.125215 0.083071 0.000000
vt 0.139605 0.083071 0.000000
vt 0.139605 0.198190 0.000000
vt 0.171796 0.047581 0.000000
vt 0.286916 0.047581 0.000000
vt 0.286916 0.061971 0.000000
vt 0.171796 0.061971 0.000000
vt 0.155132 0.083071 0.000000
vt 0.155132 0.198190 0.000000
vt 0.140742 0.198190 0.000000
vt 0.140742 0.083071 0.000000
vt 0.052017 0.047581 0.000000
vt 0.167137 0.047581 0.000000
vt 0.167137 0.061971 0.000000
vt 0.052017 0.061971 0.000000
vt 0.325226 0.488933 0.000000
vt 0.311538 0.488933 0.000000
vt 0.311538 0.460153 0.000000
vt 0.325226 0.460153 0.000000
vt 0.295955 0.400643 0.000000
vt 0.267175 0.400643 0.000000
vt 0.267175 0.386954 0.000000
vt 0.295955 0.386955 0.000000
vt 0.322629 0.249430 0.000000
vt 0.351409 0.249430 0.000000
vt 0.351409 0.263119 0.000000
vt 0.322629 0.263119 0.000000
vt 0.858025 0.731322 0.000000
vt 0.541836 0.964522 0.000000
vt 0.541836 0.979126 0.000000
vt 0.532305 0.979126 0.000000
vt 0.389173 0.218377 0.000000
vt 0.417953 0.218377 0.000000
vt 0.417953 0.232065 0.000000
vt 0.389173 0.232065 0.000000
vt 0.063108 0.488933 0.000000
vt 0.063108 0.460153 0.000000
vt 0.091888 0.460153 0.000000
vt 0.091888 0.488933 0.000000
vt 0.340753 0.488933 0.000000
vt 0.327065 0.488933 0.000000
vt 0.327065 0.460153 0.000000
vt 0.340753 0.460153 0.000000
vt 0.480495 0.267176 0.000000
vt 0.480495 0.295955 0.000000
vt 0.466807 0.295955 0.000000
vt 0.466807 0.267176 0.000000
vt 0.200632 0.386954 0.000000
vt 0.229412 0.386955 0.000000
vt 0.229412 0.400643 0.000000
vt 0.200632 0.400643 0.000000
vt 0.532305 0.964522 0.000000
vt 0.552180 0.958154 0.000000
vt 0.548642 0.958154 0.000000
vt 0.548642 0.954616 0.000000
vt 0.167360 0.386954 0.000000
vt 0.196140 0.386955 0.000000
vt 0.196140 0.400643 0.000000
vt 0.167360 0.400643 0.000000
vt 0.134088 0.415734 0.000000
vt 0.134088 0.386954 0.000000
vt 0.162868 0.386954 0.000000
vt 0.162868 0.415734 0.000000
vt 0.293793 0.419089 0.000000
vt 0.293793 0.404700 0.000000
vt 0.308183 0.404700 0.000000
vt 0.308183 0.419089 0.000000
vt 0.466807 0.300447 0.000000
vt 0.481197 0.300447 0.000000
vt 0.481197 0.314837 0.000000
vt 0.466807 0.314837 0.000000
vt 0.372509 0.182664 0.000000
vt 0.358119 0.182664 0.000000
vt 0.358119 0.067544 0.000000
vt 0.372509 0.067544 0.000000
vt 0.186186 0.198190 0.000000
vt 0.171796 0.198190 0.000000
vt 0.171796 0.083071 0.000000
vt 0.186186 0.083071 0.000000
vt 0.388036 0.182664 0.000000
vt 0.373646 0.182664 0.000000
vt 0.373646 0.067544 0.000000
vt 0.388036 0.067544 0.000000
vt 0.077498 0.302443 0.000000
vt 0.063108 0.302443 0.000000
vt 0.063108 0.187323 0.000000
vt 0.077498 0.187323 0.000000
vt 0.420226 0.488933 0.000000
vt 0.420226 0.460153 0.000000
vt 0.433915 0.460153 0.000000
vt 0.433915 0.488933 0.000000
vt 0.466807 0.167360 0.000000
vt 0.480495 0.167360 0.000000
vt 0.480495 0.196140 0.000000
vt 0.466807 0.196140 0.000000
vt 0.433915 0.129596 0.000000
vt 0.420226 0.129596 0.000000
vt 0.420226 0.100816 0.000000
vt 0.433915 0.100816 0.000000
vt 0.552180 0.954616 0.000000
vt 0.553082 0.953714 0.000000
vt 0.553082 0.950176 0.000000
vt 0.556620 0.950176 0.000000
vt 0.433915 0.096324 0.000000
vt 0.420226 0.096324 0.000000
vt 0.420226 0.067544 0.000000
vt 0.433915 0.067544 0.000000
vt 0.384681 0.293737 0.000000
vt 0.355901 0.293737 0.000000
vt 0.355901 0.264957 0.000000
vt 0.384681 0.264957 0.000000
vt 0.264957 0.455661 0.000000
vt 0.264957 0.426881 0.000000
vt 0.278645 0.426881 0.000000
vt 0.278645 0.455661 0.000000
vt 0.444570 0.333719 0.000000
vt 0.444570 0.347407 0.000000
vt 0.415790 0.347407 0.000000
vt 0.415790 0.333719 0.000000
vt 0.480495 0.129596 0.000000
vt 0.466807 0.129596 0.000000
vt 0.466807 0.100816 0.000000
vt 0.480495 0.100816 0.000000
vt 0.556620 0.953714 0.000000
vt 0.903860 0.744630 0.000000
vt 0.903860 0.741092 0.000000
vt 0.907398 0.741092 0.000000
vt 0.533541 0.045219 0.000000
vt 0.521123 0.045219 0.000000
vt 0.521123 0.019110 0.000000
vt 0.533541 0.019110 0.000000
vt 0.327009 0.402426 0.000000
vt 0.298229 0.402426 0.000000
vt 0.298229 0.373646 0.000000
vt 0.327009 0.373646 0.000000
vt 0.467888 0.368072 0.000000
vt 0.453498 0.368072 0.000000
vt 0.453498 0.353683 0.000000
vt 0.467888 0.353683 0.000000
vt 0.288220 0.402481 0.000000
vt 0.288220 0.416871 0.000000
vt 0.273830 0.416871 0.000000
vt 0.273830 0.402481 0.000000
vt 0.083071 0.293793 0.000000
vt 0.198191 0.293793 0.000000
vt 0.198191 0.308183 0.000000
vt 0.083071 0.308183 0.000000
vt 0.264957 0.198190 0.000000
vt 0.264957 0.083071 0.000000
vt 0.279347 0.083071 0.000000
vt 0.279347 0.198190 0.000000
vt 0.202850 0.231685 0.000000
vt 0.317969 0.231685 0.000000
vt 0.317969 0.246075 0.000000
vt 0.202850 0.246075 0.000000
vt 0.249430 0.198190 0.000000
vt 0.249430 0.083071 0.000000
vt 0.263820 0.083071 0.000000
vt 0.263820 0.198190 0.000000
vt 0.433915 0.282647 0.000000
vt 0.420226 0.282647 0.000000
vt 0.420226 0.253867 0.000000
vt 0.433915 0.253867 0.000000
vt 0.464533 0.314136 0.000000
vt 0.435753 0.314136 0.000000
vt 0.435753 0.300447 0.000000
vt 0.464533 0.300447 0.000000
vt 0.016527 0.442352 0.000000
vt 0.016527 0.413572 0.000000
vt 0.030215 0.413572 0.000000
vt 0.030215 0.442352 0.000000
vt 0.907398 0.744630 0.000000
vt 0.767027 0.749058 0.000000
vt 0.763489 0.749058 0.000000
vt 0.763489 0.745520 0.000000
vt 0.411354 0.032054 0.000000
vt 0.440134 0.032054 0.000000
vt 0.440134 0.045742 0.000000
vt 0.411354 0.045742 0.000000
vt 0.355845 0.216103 0.000000
vt 0.327065 0.216103 0.000000
vt 0.327065 0.187323 0.000000
vt 0.355845 0.187323 0.000000
vt 0.294172 0.455661 0.000000
vt 0.280484 0.455661 0.000000
vt 0.280484 0.426881 0.000000
vt 0.294172 0.426881 0.000000
vt 0.464968 0.167360 0.000000
vt 0.464968 0.196140 0.000000
vt 0.451280 0.196140 0.000000
vt 0.451280 0.167360 0.000000
vt 0.451280 0.295955 0.000000
vt 0.451280 0.267176 0.000000
vt 0.464968 0.267176 0.000000
vt 0.464968 0.295955 0.000000
vt 0.767027 0.745520 0.000000
vt 0.908301 0.740190 0.000000
vt 0.908301 0.736652 0.000000
vt 0.911838 0.736652 0.000000
vt 0.451280 0.229411 0.000000
vt 0.451280 0.200632 0.000000
vt 0.464968 0.200632 0.000000
vt 0.464968 0.229411 0.000000
vt 0.100816 0.415734 0.000000
vt 0.100816 0.386954 0.000000
vt 0.129596 0.386954 0.000000
vt 0.129596 0.415734 0.000000
vt 0.391391 0.394690 0.000000
vt 0.391391 0.380300 0.000000
vt 0.405781 0.380300 0.000000
vt 0.405781 0.394690 0.000000
vt 0.375864 0.364773 0.000000
vt 0.390254 0.364773 0.000000
vt 0.390254 0.379163 0.000000
vt 0.375864 0.379163 0.000000
vt 0.083071 0.230548 0.000000
vt 0.083071 0.216159 0.000000
vt 0.198191 0.216159 0.000000
vt 0.198191 0.230549 0.000000
vt 0.083071 0.292656 0.000000
vt 0.083071 0.278266 0.000000
vt 0.198191 0.278266 0.000000
vt 0.198191 0.292656 0.000000
vt 0.083071 0.215022 0.000000
vt 0.083071 0.200632 0.000000
vt 0.198191 0.200632 0.000000
vt 0.198191 0.215022 0.000000
vt 0.356982 0.182664 0.000000
vt 0.342592 0.182664 0.000000
vt 0.342592 0.067544 0.000000
vt 0.356982 0.067544 0.000000
vt 0.373646 0.455661 0.000000
vt 0.373646 0.426881 0.000000
vt 0.387334 0.426881 0.000000
vt 0.387334 0.455661 0.000000
vt 0.435753 0.460153 0.000000
vt 0.449441 0.460153 0.000000
vt 0.449441 0.488933 0.000000
vt 0.435753 0.488933 0.000000
vt 0.449441 0.162868 0.000000
vt 0.435753 0.162868 0.000000
vt 0.435753 0.134088 0.000000
vt 0.449441 0.134088 0.000000
vt 0.911838 0.740190 0.000000
vt 0.956727 0.627944 0.000000
vt 0.953189 0.627944 0.000000
vt 0.953189 0.624406 0.000000
vt 0.433479 0.167360 0.000000
vt 0.433479 0.181048 0.000000
vt 0.404700 0.181048 0.000000
vt 0.404700 0.167360 0.000000
vt 0.464533 0.096324 0.000000
vt 0.435753 0.096324 0.000000
vt 0.435753 0.067544 0.000000
vt 0.464533 0.067544 0.000000
vt 0.404700 0.455661 0.000000
vt 0.404700 0.426881 0.000000
vt 0.418388 0.426881 0.000000
vt 0.418388 0.455661 0.000000
vt 0.342592 0.460153 0.000000
vt 0.356280 0.460153 0.000000
vt 0.356280 0.488933 0.000000
vt 0.342592 0.488933 0.000000
vt 0.433915 0.455661 0.000000
vt 0.420226 0.455661 0.000000
vt 0.420226 0.426881 0.000000
vt 0.433915 0.426881 0.000000
vt 0.956727 0.624406 0.000000
vt 0.562181 0.964997 0.000000
vt 0.565719 0.964997 0.000000
vt 0.565719 0.968535 0.000000
vt 0.418388 0.488933 0.000000
vt 0.404700 0.488933 0.000000
vt 0.404700 0.460153 0.000000
vt 0.418388 0.460153 0.000000
vt 0.096324 0.422389 0.000000
vt 0.067544 0.422389 0.000000
vt 0.067544 0.393609 0.000000
vt 0.096324 0.393609 0.000000
vt 0.351464 0.394690 0.000000
vt 0.351464 0.380300 0.000000
vt 0.365854 0.380300 0.000000
vt 0.365854 0.394690 0.000000
vt 0.415790 0.349246 0.000000
vt 0.430180 0.349246 0.000000
vt 0.430180 0.363636 0.000000
vt 0.415790 0.363636 0.000000
vt 0.170659 0.198190 0.000000
vt 0.156269 0.198190 0.000000
vt 0.156269 0.083071 0.000000
vt 0.170659 0.083071 0.000000
vt 0.202850 0.277129 0.000000
vt 0.202850 0.262739 0.000000
vt 0.317969 0.262739 0.000000
vt 0.317969 0.277129 0.000000
vt 0.124078 0.198190 0.000000
vt 0.109688 0.198190 0.000000
vt 0.109688 0.083071 0.000000
vt 0.124078 0.083071 0.000000
vt 0.202850 0.292656 0.000000
vt 0.202850 0.278266 0.000000
vt 0.317969 0.278266 0.000000
vt 0.317969 0.292656 0.000000
vt 0.466807 0.455661 0.000000
vt 0.466807 0.426881 0.000000
vt 0.480495 0.426881 0.000000
vt 0.480495 0.455661 0.000000
vt 0.435753 0.267176 0.000000
vt 0.449441 0.267176 0.000000
vt 0.449441 0.295955 0.000000
vt 0.435753 0.295955 0.000000
vt 0.032054 0.426881 0.000000
vt 0.045742 0.426881 0.000000
vt 0.045742 0.455661 0.000000
vt 0.032054 0.455661 0.000000
vt 0.562181 0.968535 0.000000
vt 0.536745 0.981260 0.000000
vt 0.540283 0.981260 0.000000
vt 0.540283 0.984798 0.000000
vt 0.065705 0.333664 0.000000
vt 0.052017 0.333664 0.000000
vt 0.052017 0.304884 0.000000
vt 0.065705 0.304884 0.000000
vt 0.045307 0.409080 0.000000
vt 0.016527 0.409080 0.000000
vt 0.016527 0.380300 0.000000
vt 0.045307 0.380300 0.000000
vt 0.451280 0.162868 0.000000
vt 0.451280 0.134088 0.000000
vt 0.464968 0.134088 0.000000
vt 0.464968 0.162868 0.000000
vt 0.420226 0.187323 0.000000
vt 0.433915 0.187323 0.000000
vt 0.433915 0.216103 0.000000
vt 0.420226 0.216103 0.000000
vt 0.433915 0.315919 0.000000
vt 0.420226 0.315919 0.000000
vt 0.420226 0.287139 0.000000
vt 0.433915 0.287139 0.000000
vt 0.536745 0.984798 0.000000
vt 0.853585 0.735762 0.000000
vt 0.850047 0.735762 0.000000
vt 0.850047 0.732224 0.000000
vt 0.449441 0.262683 0.000000
vt 0.435753 0.262683 0.000000
vt 0.435753 0.233904 0.000000
vt 0.449441 0.233904 0.000000
vt 0.411298 0.360281 0.000000
vt 0.382518 0.360281 0.000000
vt 0.382518 0.331501 0.000000
vt 0.411298 0.331501 0.000000
vt 0.449062 0.348109 0.000000
vt 0.449062 0.333719 0.000000
vt 0.463452 0.333719 0.000000
vt 0.463452 0.348109 0.000000
vt 0.453498 0.373646 0.000000
vt 0.467888 0.373646 0.000000
vt 0.467888 0.388036 0.000000
vt 0.453498 0.388036 0.000000
vt 0.052017 0.030917 0.000000
vt 0.052017 0.016527 0.000000
vt 0.167137 0.016527 0.000000
vt 0.167137 0.030917 0.000000
vt 0.202850 0.215022 0.000000
vt 0.202850 0.200632 0.000000
vt 0.317969 0.200632 0.000000
vt 0.317969 0.215022 0.000000
vt 0.046444 0.375641 0.000000
vt 0.032054 0.375641 0.000000
vt 0.032054 0.260521 0.000000
vt 0.046444 0.260521 0.000000
vt 0.083071 0.246075 0.000000
vt 0.083071 0.231685 0.000000
vt 0.198191 0.231685 0.000000
vt 0.198191 0.246075 0.000000
vt 0.444626 0.047581 0.000000
vt 0.473406 0.047581 0.000000
vt 0.473406 0.061269 0.000000
vt 0.444626 0.061269 0.000000
vt 0.100760 0.324847 0.000000
vt 0.100760 0.338535 0.000000
vt 0.071980 0.338535 0.000000
vt 0.071980 0.324847 0.000000
vt 0.271612 0.323008 0.000000
vt 0.271612 0.309320 0.000000
vt 0.300392 0.309320 0.000000
vt 0.300392 0.323008 0.000000
vt 0.853585 0.732224 0.000000
vt 0.793933 0.757925 0.000000
vt 0.790395 0.757925 0.000000
vt 0.790395 0.754387 0.000000
vt 0.154430 0.455661 0.000000
vt 0.140742 0.455661 0.000000
vt 0.140742 0.426881 0.000000
vt 0.154430 0.426881 0.000000
vt 0.386899 0.216103 0.000000
vt 0.358119 0.216103 0.000000
vt 0.358119 0.187323 0.000000
vt 0.386899 0.187323 0.000000
vt 0.063108 0.378082 0.000000
vt 0.091888 0.378082 0.000000
vt 0.091888 0.391770 0.000000
vt 0.063108 0.391770 0.000000
vt 0.200576 0.324847 0.000000
vt 0.200576 0.338535 0.000000
vt 0.171796 0.338535 0.000000
vt 0.171796 0.324847 0.000000
vt 0.380679 0.327009 0.000000
vt 0.366991 0.327009 0.000000
vt 0.366991 0.298229 0.000000
vt 0.380679 0.298229 0.000000
vt 0.793933 0.754387 0.000000
vt 0.570159 0.959655 0.000000
vt 0.566621 0.959655 0.000000
vt 0.566621 0.956117 0.000000
vt 0.365152 0.327009 0.000000
vt 0.351464 0.327009 0.000000
vt 0.351464 0.298229 0.000000
vt 0.365152 0.298229 0.000000
vt 0.322629 0.247157 0.000000
vt 0.322629 0.218377 0.000000
vt 0.351409 0.218377 0.000000
vt 0.351409 0.247157 0.000000
vt 0.453498 0.330364 0.000000
vt 0.453498 0.315974 0.000000
vt 0.467888 0.315974 0.000000
vt 0.467888 0.330364 0.000000
vt 0.411354 0.384736 0.000000
vt 0.425744 0.384736 0.000000
vt 0.425744 0.399126 0.000000
vt 0.411354 0.399126 0.000000
vt 0.030917 0.136083 0.000000
vt 0.016527 0.136083 0.000000
vt 0.016527 0.020963 0.000000
vt 0.030917 0.020963 0.000000
vt 0.083071 0.277129 0.000000
vt 0.083071 0.262739 0.000000
vt 0.198191 0.262739 0.000000
vt 0.198191 0.277129 0.000000
vt 0.369209 0.015390 0.000000
vt 0.369209 0.001000 0.000000
vt 0.484329 0.001000 0.000000
vt 0.484329 0.015390 0.000000
vt 0.201713 0.198190 0.000000
vt 0.187323 0.198190 0.000000
vt 0.187323 0.083071 0.000000
vt 0.201713 0.083071 0.000000
vt 0.435753 0.129596 0.000000
vt 0.435753 0.100816 0.000000
vt 0.449441 0.100816 0.000000
vt 0.449441 0.129596 0.000000
vt 0.291519 0.340374 0.000000
vt 0.291519 0.354062 0.000000
vt 0.262739 0.354062 0.000000
vt 0.262739 0.340374 0.000000
vt 0.271612 0.338535 0.000000
vt 0.271612 0.324847 0.000000
vt 0.300392 0.324847 0.000000
vt 0.300392 0.338535 0.000000
vt 0.570159 0.956117 0.000000
vt 0.750443 0.758407 0.000000
vt 0.746905 0.758407 0.000000
vt 0.746905 0.754869 0.000000
vt 0.229467 0.354062 0.000000
vt 0.229467 0.340374 0.000000
vt 0.258247 0.340374 0.000000
vt 0.258247 0.354062 0.000000
vt 0.060834 0.488933 0.000000
vt 0.032054 0.488933 0.000000
vt 0.032054 0.460153 0.000000
vt 0.060834 0.460153 0.000000
vt 0.389173 0.216103 0.000000
vt 0.389173 0.187323 0.000000
vt 0.402861 0.187323 0.000000
vt 0.402861 0.216103 0.000000
vt 0.125159 0.371428 0.000000
vt 0.125159 0.385116 0.000000
vt 0.096380 0.385116 0.000000
vt 0.096380 0.371428 0.000000
vt 0.229467 0.385116 0.000000
vt 0.229467 0.371428 0.000000
vt 0.258247 0.371428 0.000000
vt 0.258247 0.385116 0.000000
vt 0.750443 0.754869 0.000000
vt 0.565719 0.959655 0.000000
vt 0.562181 0.959655 0.000000
vt 0.562181 0.956117 0.000000
vt 0.464968 0.488933 0.000000
vt 0.451280 0.488933 0.000000
vt 0.451280 0.460153 0.000000
vt 0.464968 0.460153 0.000000
vt 0.091888 0.426881 0.000000
vt 0.091888 0.455661 0.000000
vt 0.063108 0.455661 0.000000
vt 0.063108 0.426881 0.000000
vt 0.047581 0.419089 0.000000
vt 0.047581 0.404700 0.000000
vt 0.061971 0.404700 0.000000
vt 0.061971 0.419089 0.000000
vt 0.371428 0.395827 0.000000
vt 0.385818 0.395827 0.000000
vt 0.385818 0.410217 0.000000
vt 0.371428 0.410217 0.000000
vt 0.251649 0.015390 0.000000
vt 0.251649 0.001000 0.000000
vt 0.366768 0.001000 0.000000
vt 0.366768 0.015390 0.000000
vt 0.198191 0.247212 0.000000
vt 0.198191 0.261602 0.000000
vt 0.083071 0.261602 0.000000
vt 0.083071 0.247212 0.000000
vt 0.030917 0.375641 0.000000
vt 0.016527 0.375641 0.000000
vt 0.016527 0.260521 0.000000
vt 0.030917 0.260521 0.000000
vt 0.171796 0.030917 0.000000
vt 0.171796 0.016527 0.000000
vt 0.286916 0.016527 0.000000
vt 0.286916 0.030917 0.000000
vt 0.389173 0.264957 0.000000
vt 0.417952 0.264957 0.000000
vt 0.417952 0.278645 0.000000
vt 0.389173 0.278645 0.000000
vt 0.233848 0.309320 0.000000
vt 0.233848 0.323008 0.000000
vt 0.205068 0.323008 0.000000
vt 0.205068 0.309320 0.000000
vt 0.169957 0.455661 0.000000
vt 0.156269 0.455661 0.000000
vt 0.156269 0.426881 0.000000
vt 0.169957 0.426881 0.000000
vt 0.565719 0.956117 0.000000
vt 0.956683 0.500759 0.000000
vt 0.953145 0.500759 0.000000
vt 0.953145 0.497221 0.000000
vt 0.238340 0.323008 0.000000
vt 0.238340 0.309320 0.000000
vt 0.267120 0.309320 0.000000
vt 0.267120 0.323008 0.000000
vt 0.185049 0.460153 0.000000
vt 0.185049 0.488933 0.000000
vt 0.156269 0.488933 0.000000
vt 0.156269 0.460153 0.000000
vt 0.061269 0.338156 0.000000
vt 0.061269 0.366936 0.000000
vt 0.047581 0.366936 0.000000
vt 0.047581 0.338156 0.000000
vt 0.047581 0.371428 0.000000
vt 0.061269 0.371428 0.000000
vt 0.061269 0.400208 0.000000
vt 0.047581 0.400208 0.000000
vt 0.433915 0.249375 0.000000
vt 0.420226 0.249375 0.000000
vt 0.420226 0.220595 0.000000
vt 0.433915 0.220595 0.000000
vt 0.956683 0.497221 0.000000
vt 0.544723 0.981260 0.000000
vt 0.544723 0.984798 0.000000
vt 0.541185 0.984798 0.000000
vt 0.449441 0.229411 0.000000
vt 0.435753 0.229411 0.000000
vt 0.435753 0.200632 0.000000
vt 0.449441 0.200632 0.000000
vt 0.091888 0.373590 0.000000
vt 0.063108 0.373590 0.000000
vt 0.063108 0.344810 0.000000
vt 0.091888 0.344810 0.000000
vt 0.360337 0.379163 0.000000
vt 0.360337 0.364773 0.000000
vt 0.374727 0.364773 0.000000
vt 0.374727 0.379163 0.000000
vt 0.406918 0.369209 0.000000
vt 0.421308 0.369209 0.000000
vt 0.421308 0.383599 0.000000
vt 0.406918 0.383599 0.000000
vt 0.077498 0.182664 0.000000
vt 0.063108 0.182664 0.000000
vt 0.063108 0.067544 0.000000
vt 0.077498 0.067544 0.000000
vt 0.341455 0.182664 0.000000
vt 0.327065 0.182664 0.000000
vt 0.327065 0.067544 0.000000
vt 0.341455 0.067544 0.000000
vt 0.093024 0.198190 0.000000
vt 0.078635 0.198190 0.000000
vt 0.078635 0.083071 0.000000
vt 0.093024 0.083071 0.000000
vt 0.030917 0.255862 0.000000
vt 0.016527 0.255862 0.000000
vt 0.016527 0.140742 0.000000
vt 0.030917 0.140742 0.000000
vt 0.162923 0.371428 0.000000
vt 0.191703 0.371428 0.000000
vt 0.191703 0.385116 0.000000
vt 0.162923 0.385116 0.000000
vt 0.291519 0.355901 0.000000
vt 0.291519 0.369589 0.000000
vt 0.262739 0.369589 0.000000
vt 0.262739 0.355901 0.000000
vt 0.389173 0.263119 0.000000
vt 0.389173 0.249430 0.000000
vt 0.417953 0.249430 0.000000
vt 0.417953 0.263119 0.000000
vt 0.541185 0.981260 0.000000
vt 0.926283 0.678121 0.000000
vt 0.926283 0.674583 0.000000
vt 0.929821 0.674583 0.000000
vt 0.355901 0.247592 0.000000
vt 0.355901 0.233904 0.000000
vt 0.384681 0.233904 0.000000
vt 0.384681 0.247592 0.000000
vt 0.247157 0.488933 0.000000
vt 0.218377 0.488933 0.000000
vt 0.218377 0.460153 0.000000
vt 0.247157 0.460153 0.000000
vt 0.263119 0.426881 0.000000
vt 0.263119 0.455661 0.000000
vt 0.249430 0.455661 0.000000
vt 0.249430 0.426881 0.000000
vt 0.258247 0.355901 0.000000
vt 0.258247 0.369589 0.000000
vt 0.229467 0.369589 0.000000
vt 0.229467 0.355901 0.000000
vt 0.371807 0.455661 0.000000
vt 0.358119 0.455661 0.000000
vt 0.358119 0.426881 0.000000
vt 0.371807 0.426881 0.000000
vt 0.929821 0.678121 0.000000
vt 0.545625 0.981260 0.000000
vt 0.549163 0.981260 0.000000
vt 0.549163 0.984798 0.000000
vt 0.387334 0.488933 0.000000
vt 0.373646 0.488933 0.000000
vt 0.373646 0.460153 0.000000
vt 0.387334 0.460153 0.000000
vt 0.224975 0.384681 0.000000
vt 0.196195 0.384681 0.000000
vt 0.196195 0.355901 0.000000
vt 0.224975 0.355901 0.000000
vt 0.450143 0.363636 0.000000
vt 0.435753 0.363636 0.000000
vt 0.435753 0.349246 0.000000
vt 0.450143 0.349246 0.000000
vt 0.385818 0.380300 0.000000
vt 0.385818 0.394690 0.000000
vt 0.371428 0.394690 0.000000
vt 0.371428 0.380300 0.000000
vt 0.202850 0.198190 0.000000
vt 0.202850 0.083071 0.000000
vt 0.217240 0.083071 0.000000
vt 0.217240 0.198190 0.000000
vt 0.016527 0.001000 0.000000
vt 0.131647 0.001000 0.000000
vt 0.131647 0.015390 0.000000
vt 0.016527 0.015390 0.000000
vt 0.218377 0.198190 0.000000
vt 0.218377 0.083071 0.000000
vt 0.232767 0.083071 0.000000
vt 0.232767 0.198190 0.000000
vt 0.233904 0.198190 0.000000
vt 0.233904 0.083071 0.000000
vt 0.248294 0.083071 0.000000
vt 0.248294 0.198190 0.000000
vt 0.318572 0.338100 0.000000
vt 0.304884 0.338100 0.000000
vt 0.304884 0.309320 0.000000
vt 0.318572 0.309320 0.000000
vt 0.158431 0.385116 0.000000
vt 0.129651 0.385116 0.000000
vt 0.129651 0.371428 0.000000
vt 0.158431 0.371428 0.000000
vt 0.355901 0.218377 0.000000
vt 0.384681 0.218377 0.000000
vt 0.384681 0.232065 0.000000
vt 0.355901 0.232065 0.000000
vt 0.545625 0.984798 0.000000
vt 0.535843 0.981260 0.000000
vt 0.535843 0.984798 0.000000
vt 0.532305 0.984798 0.000000
vt 0.404700 0.216103 0.000000
vt 0.404700 0.187323 0.000000
vt 0.418388 0.187323 0.000000
vt 0.418388 0.216103 0.000000
vt 0.322629 0.293737 0.000000
vt 0.322629 0.264957 0.000000
vt 0.351409 0.264957 0.000000
vt 0.351409 0.293737 0.000000
vt 0.349626 0.327009 0.000000
vt 0.335938 0.327009 0.000000
vt 0.335938 0.298229 0.000000
vt 0.349626 0.298229 0.000000
vt 0.334099 0.298229 0.000000
vt 0.334099 0.327009 0.000000
vt 0.320411 0.327009 0.000000
vt 0.320411 0.298229 0.000000
vt 0.451280 0.455661 0.000000
vt 0.451280 0.426881 0.000000
vt 0.464968 0.426881 0.000000
vt 0.464968 0.455661 0.000000
vt 0.532305 0.981260 0.000000
vt 0.552180 0.950176 0.000000
vt 0.552180 0.953714 0.000000
vt 0.548642 0.953714 0.000000
vt 0.466807 0.488933 0.000000
vt 0.466807 0.460153 0.000000
vt 0.480495 0.460153 0.000000
vt 0.480495 0.488933 0.000000
vt 0.278210 0.488933 0.000000
vt 0.249430 0.488933 0.000000
vt 0.249430 0.460153 0.000000
vt 0.278210 0.460153 0.000000
vt 0.452361 0.383599 0.000000
vt 0.437971 0.383599 0.000000
vt 0.437971 0.369209 0.000000
vt 0.452361 0.369209 0.000000
vt 0.345891 0.380300 0.000000
vt 0.345891 0.394690 0.000000
vt 0.331501 0.394690 0.000000
vt 0.331501 0.380300 0.000000
vt 0.280484 0.198190 0.000000
vt 0.280484 0.083071 0.000000
vt 0.294874 0.083071 0.000000
vt 0.294874 0.198190 0.000000
vt 0.032054 0.136083 0.000000
vt 0.032054 0.020963 0.000000
vt 0.046444 0.020963 0.000000
vt 0.046444 0.136083 0.000000
vt 0.389173 0.182664 0.000000
vt 0.389173 0.067544 0.000000
vt 0.403563 0.067544 0.000000
vt 0.403563 0.182664 0.000000
vt 0.047581 0.182664 0.000000
vt 0.047581 0.067544 0.000000
vt 0.061971 0.067544 0.000000
vt 0.061971 0.182664 0.000000
vt 0.138524 0.323008 0.000000
vt 0.138524 0.309320 0.000000
vt 0.167304 0.309320 0.000000
vt 0.167304 0.323008 0.000000
vt 0.418388 0.067544 0.000000
vt 0.418388 0.096324 0.000000
vt 0.404700 0.096324 0.000000
vt 0.404700 0.067544 0.000000
vt 0.404700 0.162868 0.000000
vt 0.404700 0.134088 0.000000
vt 0.418388 0.134088 0.000000
vt 0.418388 0.162868 0.000000
vt 0.548642 0.950176 0.000000
vt 0.926283 0.673681 0.000000
vt 0.926283 0.670143 0.000000
vt 0.929821 0.670143 0.000000
vt 0.404700 0.129596 0.000000
vt 0.404700 0.100816 0.000000
vt 0.418388 0.100816 0.000000
vt 0.418388 0.129596 0.000000
vt 0.125215 0.460153 0.000000
vt 0.153995 0.460153 0.000000
vt 0.153995 0.488933 0.000000
vt 0.125215 0.488933 0.000000
vt 0.171796 0.323008 0.000000
vt 0.171796 0.309320 0.000000
vt 0.200576 0.309320 0.000000
vt 0.200576 0.323008 0.000000
vt 0.473406 0.045742 0.000000
vt 0.444626 0.045742 0.000000
vt 0.444626 0.032054 0.000000
vt 0.473406 0.032054 0.000000
vt 0.351464 0.360281 0.000000
vt 0.351464 0.331501 0.000000
vt 0.365152 0.331501 0.000000
vt 0.365152 0.360281 0.000000
vt 0.929821 0.673681 0.000000
vt 0.885923 0.704719 0.000000
vt 0.885923 0.701181 0.000000
vt 0.889461 0.701181 0.000000
vt 0.366991 0.360281 0.000000
vt 0.366991 0.331501 0.000000
vt 0.380679 0.331501 0.000000
vt 0.380679 0.360281 0.000000
vt 0.138468 0.455661 0.000000
vt 0.109688 0.455661 0.000000
vt 0.109688 0.426881 0.000000
vt 0.138468 0.426881 0.000000
vt 0.345891 0.410217 0.000000
vt 0.331501 0.410217 0.000000
vt 0.331501 0.395827 0.000000
vt 0.345891 0.395827 0.000000
vt 0.268257 0.416871 0.000000
vt 0.253867 0.416871 0.000000
vt 0.253867 0.402481 0.000000
vt 0.268257 0.402481 0.000000
vt 0.202850 0.216159 0.000000
vt 0.317969 0.216159 0.000000
vt 0.317969 0.230549 0.000000
vt 0.202850 0.230548 0.000000
vt 0.291575 0.047581 0.000000
vt 0.406695 0.047581 0.000000
vt 0.406695 0.061971 0.000000
vt 0.291575 0.061971 0.000000
vt 0.202850 0.247212 0.000000
vt 0.317969 0.247212 0.000000
vt 0.317969 0.261602 0.000000
vt 0.202850 0.261602 0.000000
vt 0.032054 0.255862 0.000000
vt 0.032054 0.140742 0.000000
vt 0.046444 0.140742 0.000000
vt 0.046444 0.255862 0.000000
vt 0.105252 0.338535 0.000000
vt 0.105252 0.324847 0.000000
vt 0.134032 0.324847 0.000000
vt 0.134032 0.338535 0.000000
vt 0.440134 0.061269 0.000000
vt 0.411354 0.061269 0.000000
vt 0.411354 0.047581 0.000000
vt 0.440134 0.047581 0.000000
vt 0.411354 0.016527 0.000000
vt 0.440134 0.016527 0.000000
vt 0.440134 0.030215 0.000000
vt 0.411354 0.030215 0.000000
vt 0.889461 0.704719 0.000000
vt 0.850047 0.731322 0.000000
vt 0.850047 0.727784 0.000000
vt 0.853585 0.727784 0.000000
vt 0.444626 0.016527 0.000000
vt 0.473406 0.016527 0.000000
vt 0.473406 0.030215 0.000000
vt 0.444626 0.030215 0.000000
vt 0.162923 0.369154 0.000000
vt 0.162923 0.340374 0.000000
vt 0.191703 0.340374 0.000000
vt 0.191703 0.369154 0.000000
vt 0.138524 0.338535 0.000000
vt 0.138524 0.324847 0.000000
vt 0.167304 0.324847 0.000000
vt 0.167304 0.338535 0.000000
vt 0.433915 0.134088 0.000000
vt 0.433915 0.162868 0.000000
vt 0.420226 0.162868 0.000000
vt 0.420226 0.134088 0.000000
vt 0.466807 0.229411 0.000000
vt 0.466807 0.200632 0.000000
vt 0.480495 0.200632 0.000000
vt 0.480495 0.229411 0.000000
vt 0.853585 0.731322 0.000000
vt 0.773812 0.767275 0.000000
vt 0.773812 0.763737 0.000000
vt 0.777350 0.763737 0.000000
vt 0.466807 0.262683 0.000000
vt 0.466807 0.233904 0.000000
vt 0.480495 0.233904 0.000000
vt 0.480495 0.262683 0.000000
vt 0.216103 0.455661 0.000000
vt 0.187323 0.455661 0.000000
vt 0.187323 0.426881 0.000000
vt 0.216103 0.426881 0.000000
vt 0.405781 0.410217 0.000000
vt 0.391391 0.410217 0.000000
vt 0.391391 0.395827 0.000000
vt 0.405781 0.395827 0.000000
vt 0.248294 0.402481 0.000000
vt 0.248294 0.416871 0.000000
vt 0.233904 0.416871 0.000000
vt 0.233904 0.402481 0.000000
vt 0.311538 0.198190 0.000000
vt 0.311538 0.083071 0.000000
vt 0.325928 0.083071 0.000000
vt 0.325928 0.198190 0.000000
vt 0.047581 0.302443 0.000000
vt 0.047581 0.187323 0.000000
vt 0.061971 0.187323 0.000000
vt 0.061971 0.302443 0.000000
vt 0.296011 0.198190 0.000000
vt 0.296011 0.083071 0.000000
vt 0.310401 0.083071 0.000000
vt 0.310401 0.198190 0.000000
vt 0.202850 0.293793 0.000000
vt 0.317969 0.293793 0.000000
vt 0.317969 0.308183 0.000000
vt 0.202850 0.308183 0.000000
vt 0.205068 0.338535 0.000000
vt 0.205068 0.324847 0.000000
vt 0.233848 0.324847 0.000000
vt 0.233848 0.338535 0.000000
vt 0.384681 0.263119 0.000000
vt 0.355901 0.263119 0.000000
vt 0.355901 0.249430 0.000000
vt 0.384681 0.249430 0.000000
vt 0.016527 0.475624 0.000000
vt 0.016527 0.446844 0.000000
vt 0.030215 0.446844 0.000000
vt 0.030215 0.475624 0.000000
vt 0.777350 0.767275 0.000000
vt 0.885923 0.709159 0.000000
vt 0.885923 0.705621 0.000000
vt 0.889461 0.705621 0.000000
vt 0.389173 0.233904 0.000000
vt 0.417953 0.233904 0.000000
vt 0.417953 0.247592 0.000000
vt 0.389173 0.247592 0.000000
vt 0.218377 0.426881 0.000000
vt 0.247157 0.426881 0.000000
vt 0.247157 0.455661 0.000000
vt 0.218377 0.455661 0.000000
vt 0.185484 0.455661 0.000000
vt 0.171796 0.455661 0.000000
vt 0.171796 0.426881 0.000000
vt 0.185484 0.426881 0.000000
vt 0.029780 0.491586 0.000000
vt 0.001000 0.491586 0.000000
vt 0.001000 0.477898 0.000000
vt 0.029780 0.477898 0.000000
vt 0.167360 0.402481 0.000000
vt 0.196140 0.402481 0.000000
vt 0.196140 0.416170 0.000000
vt 0.167360 0.416169 0.000000
vt 0.889461 0.709159 0.000000
vt 0.571712 0.955215 0.000000
vt 0.562181 0.955215 0.000000
vt 0.562181 0.940611 0.000000
vt 0.233904 0.386954 0.000000
vt 0.262684 0.386955 0.000000
vt 0.262684 0.400643 0.000000
vt 0.233904 0.400643 0.000000
vt 0.096380 0.369154 0.000000
vt 0.096380 0.340374 0.000000
vt 0.125159 0.340374 0.000000
vt 0.125159 0.369154 0.000000
vt 0.465670 0.403563 0.000000
vt 0.451280 0.403563 0.000000
vt 0.451280 0.389173 0.000000
vt 0.465670 0.389173 0.000000
vt 0.343673 0.364773 0.000000
vt 0.343673 0.379163 0.000000
vt 0.329283 0.379163 0.000000
vt 0.329283 0.364773 0.000000
vt 0.202850 0.063108 0.000000
vt 0.317969 0.063108 0.000000
vt 0.317969 0.077498 0.000000
vt 0.202850 0.077498 0.000000
vt 0.094161 0.198190 0.000000
vt 0.094161 0.083071 0.000000
vt 0.108551 0.083071 0.000000
vt 0.108551 0.198190 0.000000
vt 0.083071 0.063108 0.000000
vt 0.198191 0.063108 0.000000
vt 0.198191 0.077498 0.000000
vt 0.083071 0.077498 0.000000
vt 0.291575 0.032054 0.000000
vt 0.406695 0.032054 0.000000
vt 0.406695 0.046444 0.000000
vt 0.291575 0.046444 0.000000
vt 0.402861 0.488933 0.000000
vt 0.389173 0.488933 0.000000
vt 0.389173 0.460153 0.000000
vt 0.402861 0.460153 0.000000
vt 0.464968 0.100816 0.000000
vt 0.464968 0.129596 0.000000
vt 0.451280 0.129596 0.000000
vt 0.451280 0.100816 0.000000
vt 0.071980 0.309320 0.000000
vt 0.100760 0.309320 0.000000
vt 0.100760 0.323008 0.000000
vt 0.071980 0.323008 0.000000
vt 0.571712 0.940611 0.000000
vt 0.105252 0.309320 0.000000
vt 0.134032 0.309320 0.000000
vt 0.134032 0.323008 0.000000
vt 0.105252 0.323008 0.000000
vt 0.094161 0.488933 0.000000
vt 0.094161 0.460153 0.000000
vt 0.122941 0.460153 0.000000
vt 0.122941 0.488933 0.000000
vt 0.200632 0.416169 0.000000
vt 0.200632 0.402481 0.000000
vt 0.229412 0.402481 0.000000
vt 0.229412 0.416170 0.000000
vt 0.356280 0.426881 0.000000
vt 0.356280 0.455661 0.000000
vt 0.342592 0.455661 0.000000
vt 0.342592 0.426881 0.000000
vt 0.262739 0.371428 0.000000
vt 0.291519 0.371428 0.000000
vt 0.291519 0.385116 0.000000
vt 0.262739 0.385116 0.000000
vt 0.435753 0.455661 0.000000
vt 0.435753 0.426881 0.000000
vt 0.449441 0.426881 0.000000
vt 0.449441 0.455661 0.000000
vt 0.296011 0.455661 0.000000
vt 0.296011 0.426881 0.000000
vt 0.324791 0.426881 0.000000
vt 0.324791 0.455661 0.000000
vt 0.534411 0.115842 0.000000
vt 0.752165 0.127325 0.000000
vt 0.734963 0.127325 0.000000
vt 0.706313 0.127325 0.000000
vt 0.706313 0.115842 0.000000
vt 0.677662 0.127325 0.000000
vt 0.677662 0.115842 0.000000
vt 0.649012 0.127325 0.000000
vt 0.649012 0.115842 0.000000
vt 0.620362 0.127325 0.000000
vt 0.620362 0.115842 0.000000
vt 0.591711 0.127325 0.000000
vt 0.591711 0.115842 0.000000
vt 0.563061 0.127325 0.000000
vt 0.534411 0.127325 0.000000
vt 0.752862 0.127338 0.000000
vt 0.734963 0.127325 0.000000
vt 0.706313 0.127325 0.000000
vt 0.677662 0.127325 0.000000
vt 0.649012 0.127325 0.000000
vt 0.620362 0.127325 0.000000
vt 0.591711 0.127325 0.000000
vt 0.563061 0.127325 0.000000
vt 0.534411 0.127325 0.000000
vt 0.763613 0.012497 0.000000
vt 0.763613 0.001014 0.000000
vt 0.763613 0.023979 0.000000
vt 0.763613 0.035462 0.000000
vt 0.763613 0.046945 0.000000
vt 0.763613 0.058428 0.000000
vt 0.763613 0.069911 0.000000
vt 0.763613 0.081393 0.000000
vt 0.763613 0.092876 0.000000
vt 0.763613 0.104359 0.000000
vt 0.763613 0.115842 0.000000
vt 0.763613 0.127325 0.000000
vt 0.856658 0.201552 0.000000
vt 0.856658 0.217968 0.000000
vt 0.856658 0.001000 0.000000
vt 0.856658 0.029650 0.000000
vt 0.868141 0.201552 0.000000
vt 0.868141 0.217968 0.000000
vt 0.856658 0.172902 0.000000
vt 0.868141 0.172902 0.000000
vt 0.856658 0.144252 0.000000
vt 0.868141 0.144252 0.000000
vt 0.856658 0.115601 0.000000
vt 0.868141 0.115601 0.000000
vt 0.856658 0.086951 0.000000
vt 0.868141 0.086951 0.000000
vt 0.856658 0.058301 0.000000
vt 0.868141 0.058301 0.000000
vt 0.868141 0.029650 0.000000
vt 0.868141 0.001000 0.000000
vt 0.879624 0.201552 0.000000
vt 0.879624 0.217968 0.000000
vt 0.879624 0.001000 0.000000
vt 0.879624 0.029650 0.000000
vt 0.891107 0.201552 0.000000
vt 0.891107 0.218754 0.000000
vt 0.879624 0.172902 0.000000
vt 0.891107 0.172902 0.000000
vt 0.879624 0.144252 0.000000
vt 0.891107 0.144252 0.000000
vt 0.879624 0.115601 0.000000
vt 0.891107 0.115601 0.000000
vt 0.879624 0.086951 0.000000
vt 0.891107 0.086951 0.000000
vt 0.879624 0.058301 0.000000
vt 0.891107 0.058301 0.000000
vt 0.891107 0.029650 0.000000
vt 0.891107 0.001000 0.000000
vt 0.891107 0.201552 0.000000
vt 0.891120 0.219452 0.000000
vt 0.891107 0.172902 0.000000
vt 0.891107 0.144252 0.000000
vt 0.891107 0.115601 0.000000
vt 0.891107 0.086951 0.000000
vt 0.891107 0.058301 0.000000
vt 0.891107 0.029650 0.000000
vt 0.891107 0.001000 0.000000
vt 0.776278 0.230203 0.000000
vt 0.764796 0.230203 0.000000
vt 0.787761 0.230203 0.000000
vt 0.799244 0.230203 0.000000
vt 0.810727 0.230203 0.000000
vt 0.822210 0.230203 0.000000
vt 0.833693 0.230203 0.000000
vt 0.845175 0.230203 0.000000
vt 0.856658 0.230203 0.000000
vt 0.868141 0.230203 0.000000
vt 0.879624 0.230203 0.000000
vt 0.891107 0.230203 0.000000
vt 0.765980 0.294081 0.000000
vt 0.754498 0.294081 0.000000
vt 0.754498 0.286907 0.000000
vt 0.765980 0.286907 0.000000
vt 0.875562 0.393866 0.000000
vt 0.875562 0.405348 0.000000
vt 0.951100 0.368129 0.000000
vt 0.939617 0.368129 0.000000
vt 0.939617 0.360955 0.000000
vt 0.951100 0.360955 0.000000
vt 0.731726 0.423665 0.000000
vt 0.703075 0.423665 0.000000
vt 0.760376 0.416491 0.000000
vt 0.760376 0.423665 0.000000
vt 0.731726 0.415437 0.000000
vt 0.703075 0.415437 0.000000
vt 0.760376 0.408264 0.000000
vt 0.760376 0.415437 0.000000
vt 0.896131 0.365069 0.000000
vt 0.896131 0.376552 0.000000
vt 0.867480 0.376552 0.000000
vt 0.867480 0.365069 0.000000
vt 0.838830 0.376552 0.000000
vt 0.838830 0.365069 0.000000
vt 0.641369 0.427974 0.000000
vt 0.641369 0.416491 0.000000
vt 0.951959 0.373297 0.000000
vt 0.963442 0.373297 0.000000
vt 0.963442 0.380470 0.000000
vt 0.951959 0.380470 0.000000
vt 0.620362 0.330102 0.000000
vt 0.620362 0.337275 0.000000
vt 0.649012 0.330102 0.000000
vt 0.649012 0.337275 0.000000
vt 0.677662 0.330102 0.000000
vt 0.677662 0.337275 0.000000
vt 0.706313 0.330102 0.000000
vt 0.706313 0.337275 0.000000
vt 0.945788 0.086951 0.000000
vt 0.952961 0.086951 0.000000
vt 0.945788 0.058301 0.000000
vt 0.952961 0.058301 0.000000
vt 0.945788 0.029650 0.000000
vt 0.952961 0.029650 0.000000
vt 0.945788 0.001000 0.000000
vt 0.952961 0.001000 0.000000
vt 0.892309 0.001000 0.000000
vt 0.903792 0.001000 0.000000
vt 0.903792 0.029650 0.000000
vt 0.892309 0.029650 0.000000
vt 0.903792 0.058301 0.000000
vt 0.892309 0.058301 0.000000
vt 0.903792 0.086951 0.000000
vt 0.892309 0.086951 0.000000
vt 0.903792 0.115601 0.000000
vt 0.892309 0.115601 0.000000
vt 0.903792 0.144252 0.000000
vt 0.892309 0.144252 0.000000
vt 0.903792 0.172902 0.000000
vt 0.892309 0.172902 0.000000
vt 0.916133 0.172902 0.000000
vt 0.904650 0.172902 0.000000
vt 0.831526 0.110803 0.000000
vt 0.831526 0.122286 0.000000
vt 0.824353 0.122286 0.000000
vt 0.824353 0.110803 0.000000
vt 0.620362 0.391809 0.000000
vt 0.620362 0.398982 0.000000
vt 0.649012 0.391809 0.000000
vt 0.649012 0.398982 0.000000
vt 0.677662 0.391809 0.000000
vt 0.677662 0.398982 0.000000
vt 0.706313 0.391809 0.000000
vt 0.706313 0.398982 0.000000
vt 0.916992 0.086951 0.000000
vt 0.924165 0.086951 0.000000
vt 0.916992 0.058301 0.000000
vt 0.924165 0.058301 0.000000
vt 0.916992 0.029650 0.000000
vt 0.924165 0.029650 0.000000
vt 0.916992 0.001000 0.000000
vt 0.924165 0.001000 0.000000
vt 0.706313 0.367126 0.000000
vt 0.706313 0.378609 0.000000
vt 0.677662 0.378609 0.000000
vt 0.677662 0.367126 0.000000
vt 0.649012 0.378609 0.000000
vt 0.649012 0.367126 0.000000
vt 0.620362 0.378609 0.000000
vt 0.620362 0.367126 0.000000
vt 0.591711 0.378609 0.000000
vt 0.591711 0.367126 0.000000
vt 0.563061 0.378609 0.000000
vt 0.563061 0.367126 0.000000
vt 0.534411 0.378609 0.000000
vt 0.534411 0.367126 0.000000
vt 0.534411 0.390950 0.000000
vt 0.534411 0.379467 0.000000
vt 0.677662 0.358898 0.000000
vt 0.677662 0.366072 0.000000
vt 0.706313 0.358898 0.000000
vt 0.706313 0.366072 0.000000
vt 0.620362 0.350671 0.000000
vt 0.620362 0.357844 0.000000
vt 0.649012 0.350671 0.000000
vt 0.649012 0.357844 0.000000
vt 0.677662 0.350671 0.000000
vt 0.677662 0.357844 0.000000
vt 0.706313 0.350671 0.000000
vt 0.706313 0.357844 0.000000
vt 0.706313 0.338330 0.000000
vt 0.706313 0.349812 0.000000
vt 0.677662 0.349812 0.000000
vt 0.677662 0.338330 0.000000
vt 0.649012 0.349812 0.000000
vt 0.649012 0.338330 0.000000
vt 0.620362 0.349812 0.000000
vt 0.620362 0.338330 0.000000
vt 0.591711 0.349812 0.000000
vt 0.591711 0.338330 0.000000
vt 0.563061 0.349812 0.000000
vt 0.563061 0.338330 0.000000
vt 0.534411 0.349812 0.000000
vt 0.534411 0.338330 0.000000
vt 0.936702 0.172902 0.000000
vt 0.925219 0.172902 0.000000
vt 0.939618 0.416491 0.000000
vt 0.946791 0.416491 0.000000
vt 0.946791 0.427974 0.000000
vt 0.939618 0.427974 0.000000
vt 0.875562 0.385638 0.000000
vt 0.875562 0.392811 0.000000
vt 0.896131 0.377411 0.000000
vt 0.896131 0.384584 0.000000
vt 0.947845 0.416491 0.000000
vt 0.955018 0.416491 0.000000
vt 0.955018 0.427974 0.000000
vt 0.947845 0.427974 0.000000
vt 0.641369 0.415437 0.000000
vt 0.641369 0.408264 0.000000
vt 0.698669 0.400036 0.000000
vt 0.698669 0.407210 0.000000
vt 0.963442 0.360955 0.000000
vt 0.963442 0.368129 0.000000
vt 0.951959 0.368129 0.000000
vt 0.951959 0.360955 0.000000
vt 0.706313 0.321874 0.000000
vt 0.706313 0.329048 0.000000
vt 0.706313 0.313647 0.000000
vt 0.706313 0.320820 0.000000
vt 0.957271 0.303362 0.000000
vt 0.957271 0.310536 0.000000
vt 0.945788 0.310536 0.000000
vt 0.945788 0.303362 0.000000
vt 0.706313 0.305419 0.000000
vt 0.706313 0.312593 0.000000
vt 0.706313 0.297192 0.000000
vt 0.706313 0.304365 0.000000
vt 0.896423 0.186120 0.000000
vt 0.903596 0.186120 0.000000
vt 0.903596 0.197603 0.000000
vt 0.896423 0.197603 0.000000
vt 0.954016 0.001000 0.000000
vt 0.961189 0.001000 0.000000
vt 0.937561 0.001000 0.000000
vt 0.944734 0.001000 0.000000
vt 0.937242 0.427734 0.000000
vt 0.761170 0.203060 0.000000
vt 0.756657 0.200518 0.000000
vt 0.165952 0.871164 0.000000
vt 0.169013 0.867853 0.000000
vt 0.209722 0.871164 0.000000
vt 0.209722 0.867853 0.000000
vt 0.213212 0.864363 0.000000
vt 0.213212 0.867674 0.000000
vt 0.206661 0.867853 0.000000
vt 0.209663 0.864363 0.000000
vt 0.209663 0.857705 0.000000
vt 0.213212 0.857705 0.000000
vt 0.209663 0.854394 0.000000
vt 0.213212 0.854394 0.000000
vt 0.315165 0.729149 0.000000
vt 0.311676 0.725659 0.000000
vt 0.311676 0.681889 0.000000
vt 0.315165 0.678399 0.000000
vt 0.318476 0.678399 0.000000
vt 0.314987 0.681889 0.000000
vt 0.314987 0.684950 0.000000
vt 0.318476 0.681948 0.000000
vt 0.325134 0.678399 0.000000
vt 0.325134 0.681948 0.000000
vt 0.328445 0.678399 0.000000
vt 0.328445 0.681948 0.000000
vt 0.370296 0.844829 0.000000
vt 0.371479 0.844829 0.000000
vt 0.381844 0.844829 0.000000
vt 0.381844 0.862611 0.000000
vt 0.299347 0.681948 0.000000
vt 0.295857 0.684950 0.000000
vt 0.292546 0.725659 0.000000
vt 0.295857 0.725659 0.000000
vt 0.299347 0.729149 0.000000
vt 0.296035 0.729149 0.000000
vt 0.295857 0.722598 0.000000
vt 0.299347 0.725599 0.000000
vt 0.306004 0.725599 0.000000
vt 0.306004 0.729149 0.000000
vt 0.309315 0.725599 0.000000
vt 0.309315 0.729149 0.000000
vt 0.296035 0.660281 0.000000
vt 0.292546 0.656792 0.000000
vt 0.295857 0.616082 0.000000
vt 0.295857 0.613021 0.000000
vt 0.299347 0.609531 0.000000
vt 0.299347 0.613081 0.000000
vt 0.292546 0.613021 0.000000
vt 0.296035 0.609531 0.000000
vt 0.306004 0.613081 0.000000
vt 0.306004 0.609531 0.000000
vt 0.309315 0.609531 0.000000
vt 0.309315 0.613081 0.000000
vt 0.210864 0.761389 0.000000
vt 0.218738 0.743607 0.000000
vt 0.200944 0.796953 0.000000
vt 0.193070 0.796953 0.000000
vt 0.210864 0.779171 0.000000
vt 0.218738 0.761389 0.000000
vt 0.200944 0.814735 0.000000
vt 0.193070 0.814735 0.000000
vt 0.210864 0.796953 0.000000
vt 0.218738 0.779171 0.000000
vt 0.200944 0.850299 0.000000
vt 0.200944 0.832517 0.000000
vt 0.210864 0.832517 0.000000
vt 0.210864 0.850299 0.000000
vt 0.193070 0.832517 0.000000
vt 0.210864 0.814735 0.000000
vt 0.218738 0.796953 0.000000
vt 0.218738 0.814735 0.000000
vt 0.218738 0.832517 0.000000
vt 0.193070 0.619096 0.000000
vt 0.197232 0.619096 0.000000
vt 0.200944 0.619096 0.000000
vt 0.205904 0.619096 0.000000
vt 0.210864 0.619096 0.000000
vt 0.214577 0.619096 0.000000
vt 0.218738 0.619096 0.000000
vt 0.193070 0.850299 0.000000
vt 0.197446 0.850299 0.000000
vt 0.218738 0.850299 0.000000
vt 0.214363 0.850299 0.000000
vt 0.275396 0.909871 0.000000
vt 0.275396 0.927653 0.000000
vt 0.353247 0.757397 0.000000
vt 0.349936 0.757397 0.000000
vt 0.349936 0.739615 0.000000
vt 0.353247 0.739615 0.000000
vt 0.359904 0.739615 0.000000
vt 0.359904 0.757397 0.000000
vt 0.363394 0.739615 0.000000
vt 0.363394 0.757397 0.000000
vt 0.091167 0.932262 0.000000
vt 0.094656 0.935752 0.000000
vt 0.091345 0.935752 0.000000
vt 0.091167 0.929201 0.000000
vt 0.094656 0.932203 0.000000
vt 0.101314 0.932203 0.000000
vt 0.101314 0.935752 0.000000
vt 0.104625 0.932203 0.000000
vt 0.104625 0.935752 0.000000
vt 0.276727 0.622586 0.000000
vt 0.280217 0.619096 0.000000
vt 0.280217 0.622646 0.000000
vt 0.273416 0.622586 0.000000
vt 0.276906 0.619096 0.000000
vt 0.286874 0.622646 0.000000
vt 0.286874 0.619096 0.000000
vt 0.290185 0.619096 0.000000
vt 0.290185 0.622646 0.000000
vt 0.260954 0.819183 0.000000
vt 0.260954 0.634249 0.000000
vt 0.252924 0.634249 0.000000
vt 0.250460 0.634249 0.000000
vt 0.381844 0.902219 0.000000
vt 0.381844 0.920001 0.000000
vt 0.382456 0.818047 0.000000
vt 0.400238 0.818047 0.000000
vt 0.151549 0.864542 0.000000
vt 0.151549 0.867853 0.000000
vt 0.133767 0.867853 0.000000
vt 0.133767 0.864542 0.000000
vt 0.133767 0.857884 0.000000
vt 0.151549 0.857884 0.000000
vt 0.133767 0.854394 0.000000
vt 0.151549 0.854394 0.000000
vt 0.367220 0.685715 0.000000
vt 0.363730 0.682225 0.000000
vt 0.367041 0.682225 0.000000
vt 0.367220 0.688776 0.000000
vt 0.363730 0.685775 0.000000
vt 0.357073 0.685775 0.000000
vt 0.357073 0.682225 0.000000
vt 0.353762 0.685775 0.000000
vt 0.353762 0.682225 0.000000
vt 0.367220 0.781136 0.000000
vt 0.363730 0.784626 0.000000
vt 0.363730 0.781076 0.000000
vt 0.370531 0.781136 0.000000
vt 0.367041 0.784626 0.000000
vt 0.357073 0.781076 0.000000
vt 0.357073 0.784626 0.000000
vt 0.353761 0.784626 0.000000
vt 0.353761 0.781076 0.000000
vt 0.083465 0.918407 0.000000
vt 0.070038 0.936190 0.000000
vt 0.036205 0.936190 0.000000
vt 0.086955 0.918407 0.000000
vt 0.083465 0.936190 0.000000
vt 0.086955 0.936190 0.000000
vt 0.342849 0.701422 0.000000
vt 0.325067 0.701422 0.000000
vt 0.316067 0.912366 0.000000
vt 0.316067 0.915677 0.000000
vt 0.298285 0.915677 0.000000
vt 0.298285 0.912366 0.000000
vt 0.298285 0.905709 0.000000
vt 0.316067 0.905709 0.000000
vt 0.298285 0.902219 0.000000
vt 0.316067 0.902219 0.000000
vt 0.257547 0.932894 0.000000
vt 0.261037 0.929405 0.000000
vt 0.261037 0.932716 0.000000
vt 0.254486 0.932894 0.000000
vt 0.257488 0.929405 0.000000
vt 0.257488 0.922747 0.000000
vt 0.261037 0.922747 0.000000
vt 0.257488 0.919436 0.000000
vt 0.261037 0.919436 0.000000
vt 0.303688 0.974980 0.000000
vt 0.300198 0.971491 0.000000
vt 0.303747 0.971491 0.000000
vt 0.303688 0.978291 0.000000
vt 0.300198 0.974802 0.000000
vt 0.303747 0.964833 0.000000
vt 0.300198 0.964833 0.000000
vt 0.300198 0.961522 0.000000
vt 0.303747 0.961522 0.000000
vt 0.393934 0.953258 0.000000
vt 0.393934 0.942892 0.000000
vt 0.393934 0.941709 0.000000
vt 0.411716 0.941709 0.000000
vt 0.384369 0.837177 0.000000
vt 0.402151 0.837177 0.000000
vt 0.336237 0.597062 0.000000
vt 0.336237 0.593751 0.000000
vt 0.354019 0.593751 0.000000
vt 0.354019 0.597062 0.000000
vt 0.354019 0.603719 0.000000
vt 0.336237 0.603719 0.000000
vt 0.354019 0.607209 0.000000
vt 0.336237 0.607209 0.000000
vt 0.432262 0.884666 0.000000
vt 0.428772 0.881176 0.000000
vt 0.432083 0.881176 0.000000
vt 0.432262 0.887727 0.000000
vt 0.428772 0.884726 0.000000
vt 0.422114 0.884726 0.000000
vt 0.422114 0.881176 0.000000
vt 0.418803 0.884726 0.000000
vt 0.418803 0.881176 0.000000
vt 0.344264 0.708442 0.000000
vt 0.340774 0.711932 0.000000
vt 0.340774 0.708383 0.000000
vt 0.347575 0.708442 0.000000
vt 0.344085 0.711932 0.000000
vt 0.334117 0.708383 0.000000
vt 0.334117 0.711932 0.000000
vt 0.330806 0.711932 0.000000
vt 0.330806 0.708383 0.000000
vt 0.354562 0.958261 0.000000
vt 0.344196 0.958261 0.000000
vt 0.344196 0.940479 0.000000
vt 0.354562 0.940479 0.000000
vt 0.275396 0.932827 0.000000
vt 0.275396 0.950609 0.000000
vt 0.306004 0.836553 0.000000
vt 0.309315 0.836553 0.000000
vt 0.309315 0.840103 0.000000
vt 0.306004 0.840103 0.000000
vt 0.321241 0.914498 0.000000
vt 0.321241 0.904132 0.000000
vt 0.339023 0.904132 0.000000
vt 0.339023 0.914498 0.000000
vt 0.049596 0.866276 0.000000
vt 0.053145 0.866276 0.000000
vt 0.049596 0.859618 0.000000
vt 0.053145 0.859618 0.000000
vt 0.049596 0.856307 0.000000
vt 0.053145 0.856307 0.000000
vt 0.100346 0.856307 0.000000
vt 0.100346 0.859618 0.000000
vt 0.096796 0.859618 0.000000
vt 0.096796 0.856307 0.000000
vt 0.371479 0.900871 0.000000
vt 0.370296 0.900871 0.000000
vt 0.370296 0.883089 0.000000
vt 0.371479 0.883089 0.000000
vt 0.303796 0.631251 0.000000
vt 0.303796 0.649033 0.000000
vt 0.292269 0.861599 0.000000
vt 0.288720 0.861599 0.000000
vt 0.288720 0.851630 0.000000
vt 0.288720 0.848319 0.000000
vt 0.292269 0.851630 0.000000
vt 0.339470 0.861599 0.000000
vt 0.335920 0.861599 0.000000
vt 0.335920 0.858288 0.000000
vt 0.339470 0.858288 0.000000
vt 0.335920 0.851630 0.000000
vt 0.339470 0.851630 0.000000
vt 0.339470 0.848319 0.000000
vt 0.148795 0.888313 0.000000
vt 0.145245 0.888313 0.000000
vt 0.148795 0.894971 0.000000
vt 0.145245 0.894971 0.000000
vt 0.145245 0.898282 0.000000
vt 0.195995 0.885002 0.000000
vt 0.195995 0.888313 0.000000
vt 0.192446 0.888313 0.000000
vt 0.192446 0.885002 0.000000
vt 0.195995 0.894971 0.000000
vt 0.192446 0.894971 0.000000
vt 0.195995 0.898282 0.000000
vt 0.416890 0.970475 0.000000
vt 0.416890 0.960109 0.000000
vt 0.416890 0.958926 0.000000
vt 0.434672 0.958926 0.000000
vt 0.395847 0.867509 0.000000
vt 0.395847 0.863959 0.000000
vt 0.409127 0.863959 0.000000
vt 0.405816 0.863959 0.000000
vt 0.405816 0.867509 0.000000
vt 0.395847 0.914709 0.000000
vt 0.395847 0.911160 0.000000
vt 0.399158 0.911160 0.000000
vt 0.399158 0.914709 0.000000
vt 0.405816 0.911160 0.000000
vt 0.405816 0.914709 0.000000
vt 0.409127 0.914709 0.000000
vt 0.360789 0.798985 0.000000
vt 0.364339 0.798985 0.000000
vt 0.360789 0.792327 0.000000
vt 0.364339 0.792327 0.000000
vt 0.364339 0.789016 0.000000
vt 0.313589 0.802296 0.000000
vt 0.313589 0.798985 0.000000
vt 0.317138 0.798985 0.000000
vt 0.317138 0.802296 0.000000
vt 0.313589 0.792327 0.000000
vt 0.317138 0.792327 0.000000
vt 0.313589 0.789016 0.000000
vt 0.381844 0.939131 0.000000
vt 0.371479 0.939131 0.000000
vt 0.370296 0.939131 0.000000
vt 0.370296 0.921349 0.000000
vt 0.435812 0.828643 0.000000
vt 0.085943 0.868816 0.000000
vt 0.307850 0.626472 0.000000
vt 0.307850 0.622922 0.000000
vt 0.321129 0.622922 0.000000
vt 0.317818 0.622922 0.000000
vt 0.317818 0.626472 0.000000
vt 0.307850 0.673672 0.000000
vt 0.307850 0.670123 0.000000
vt 0.311161 0.670123 0.000000
vt 0.311161 0.673672 0.000000
vt 0.317818 0.670123 0.000000
vt 0.317818 0.673672 0.000000
vt 0.321129 0.673672 0.000000
vt 0.399158 0.859509 0.000000
vt 0.399158 0.863059 0.000000
vt 0.405816 0.859509 0.000000
vt 0.405816 0.863059 0.000000
vt 0.409127 0.863059 0.000000
vt 0.395847 0.812308 0.000000
vt 0.399158 0.812308 0.000000
vt 0.399158 0.815858 0.000000
vt 0.395847 0.815858 0.000000
vt 0.405816 0.812308 0.000000
vt 0.405816 0.815858 0.000000
vt 0.409127 0.812308 0.000000
vt 0.131578 0.865425 0.000000
vt 0.128028 0.865425 0.000000
vt 0.128028 0.852145 0.000000
vt 0.128028 0.855456 0.000000
vt 0.131578 0.855456 0.000000
vt 0.178778 0.865425 0.000000
vt 0.175229 0.865425 0.000000
vt 0.175229 0.862114 0.000000
vt 0.178778 0.862114 0.000000
vt 0.175229 0.855456 0.000000
vt 0.178778 0.855456 0.000000
vt 0.178778 0.852145 0.000000
vt 0.355398 0.964833 0.000000
vt 0.351848 0.964833 0.000000
vt 0.355398 0.971491 0.000000
vt 0.351848 0.971491 0.000000
vt 0.351848 0.974802 0.000000
vt 0.402598 0.961522 0.000000
vt 0.402598 0.964833 0.000000
vt 0.399049 0.964833 0.000000
vt 0.399049 0.961522 0.000000
vt 0.402598 0.971491 0.000000
vt 0.399049 0.971491 0.000000
vt 0.402598 0.974802 0.000000
vt 0.365762 0.827592 0.000000
vt 0.368188 0.829608 0.000000
vt 0.365726 0.801893 0.000000
vt 0.379060 0.799847 0.000000
vt 0.375222 0.799847 0.000000
vt 0.368188 0.799847 0.000000
vt 0.365762 0.801863 0.000000
# 4674 texture coords

o Box077
g Box077
usemtl wire_194159220
f 1/1 2/2 3/3 4/4 5/5 6/6 7/7 8/8 
f 41/113 43/114 44/115 45/116 46/117 47/118 48/119 42/120 
f 1/9 8/10 9/11 10/12 
f 1/13 10/14 11/15 2/16 
f 2/16 11/15 12/17 3/18 
f 3/18 12/17 13/19 4/20 
f 4/21 13/22 14/23 5/24 
f 5/25 14/26 15/27 6/28 
f 6/28 15/27 16/29 7/30 
f 7/30 16/29 9/31 8/32 
f 25/65 41/66 42/67 26/68 
f 18/69 33/70 40/71 19/72 
f 19/73 40/74 39/195 20/196 
f 20/75 39/76 38/77 21/78 
f 21/79 38/80 37/199 22/200 
f 22/81 37/82 36/83 23/84 
f 23/85 36/86 35/201 24/202 
f 17/87 24/88 35/203 34/204 
f 17/89 34/90 33/91 18/92 
f 25/65 32/93 43/96 41/66 
f 31/94 44/95 43/97 32/98 
f 30/99 45/100 44/101 31/102 
f 29/103 46/104 45/100 30/99 
f 28/105 47/106 46/104 29/103 
f 27/107 48/108 47/109 28/110 
f 26/68 42/67 48/111 27/112 
f 9/33 16/34 15/35 14/36 13/37 12/38 11/39 10/40 17/41 18/42 19/43 20/44 21/45 22/46 23/47 24/48 17/41 10/40 
f 33/49 34/50 35/51 36/52 37/53 38/54 39/55 40/56 33/49 25/57 26/58 27/59 28/60 29/61 30/62 31/63 32/64 25/57 
f 49/121 50/122 51/123 52/124 
f 49/125 52/126 53/127 54/128 
f 50/141 63/142 64/143 51/144 
f 53/157 64/158 63/159 54/160 
f 59/161 62/162 68/163 67/164 
f 59/165 67/166 70/167 60/168 
f 61/169 69/170 68/171 62/172 
f 60/173 70/174 69/175 61/176 
f 55/177 65/178 72/179 56/180 
f 56/181 72/182 71/183 57/184 
f 55/185 58/186 66/187 65/188 
f 57/189 71/190 66/191 58/192 
f 49/129 54/130 63/131 50/132 49/129 55/133 56/134 57/135 58/136 59/137 60/138 61/139 62/140 59/137 58/136 55/133 
f 51/145 64/146 53/147 52/148 65/149 66/150 67/151 68/152 69/153 70/154 67/151 66/150 71/155 72/156 65/149 52/148 
f 74/193 81/194 82/219 75/221 
f 79/197 78/198 83/239 84/241 
f 73/217 74/220 75/233 76/236 77/237 78/240 79/253 80/256 
f 76/229 85/231 86/235 77/238 
f 87/224 88/226 89/227 90/232 
f 91/218 73/242 80/243 92/246 
f 86/262 90/269 83/270 
f 87/263 85/271 82/272 
f 89/265 92/273 84/274 
f 91/267 88/275 81/276 
f 81/194 74/193 73/230 91/234 
f 82/244 81/245 88/226 87/224 
f 75/221 82/219 85/257 76/258 
f 83/239 78/198 77/250 86/254 
f 84/247 83/251 90/232 89/227 
f 79/197 84/241 92/259 80/260 
f 86/261 85/264 87/224 90/232 
f 89/227 88/226 91/266 92/4319 
f 244/277 245/278 324/279 305/280 
f 245/278 247/281 306/282 324/279 
f 247/281 249/283 307/284 306/282 
f 249/283 251/469 328/471 307/284 
f 251/469 253/473 330/475 328/471 
f 253/473 255/477 332/479 330/475 
f 255/477 257/481 334/483 332/479 
f 257/481 299/485 308/486 334/483 
f 261/268 337/285 309/286 260/287 
f 260/287 309/286 339/288 264/289 
f 264/289 339/288 310/290 266/291 
f 266/291 310/290 342/292 268/489 
f 268/489 342/292 311/491 270/495 
f 270/495 311/491 345/497 272/499 
f 272/499 345/497 347/501 274/503 
f 274/503 347/501 349/505 300/506 
f 243/293 244/294 305/295 352/296 93/297 
f 93/297 352/296 312/298 101/299 
f 101/299 312/298 355/300 109/301 
f 109/301 355/300 313/302 117/303 
f 117/303 313/302 358/304 125/467 
f 125/467 358/304 360/470 133/490 
f 133/490 360/470 362/493 141/545 
f 141/545 362/493 364/554 149/563 
f 149/563 364/554 314/564 157/565 
f 157/565 314/564 367/566 165/567 
f 165/567 367/566 315/568 173/569 
f 173/569 315/568 370/570 181/571 
f 181/571 370/570 337/572 261/573 262/574 
f 303/306 258/307 94/308 276/309 
f 258/307 256/310 95/311 94/308 
f 256/310 254/312 96/313 95/311 
f 254/312 252/314 97/315 96/313 
f 252/314 250/317 98/318 97/315 
f 250/317 248/319 99/320 98/318 
f 248/319 246/321 100/322 99/320 
f 246/321 243/323 93/324 100/322 
f 276/309 94/308 102/328 278/329 
f 94/308 95/311 103/330 102/328 
f 95/311 96/313 104/331 103/330 
f 96/313 97/315 105/332 104/331 
f 97/315 98/318 106/336 105/332 
f 98/318 99/320 107/337 106/336 
f 99/320 100/322 108/338 107/337 
f 100/322 93/324 101/339 108/338 
f 278/329 102/328 110/340 280/344 
f 189/414 190/415 193/416 194/417 
f 190/415 191/4157 192/4158 193/416 
f 104/331 105/332 113/345 112/346 
f 105/332 106/336 114/347 113/345 
f 106/336 107/337 115/348 114/347 
f 107/337 108/338 116/352 115/348 
f 108/338 101/339 109/353 116/352 
f 280/344 110/340 118/354 282/355 
f 110/340 111/356 119/364 118/354 
f 111/356 112/346 120/372 119/364 
f 112/346 113/345 121/380 120/372 
f 113/345 114/347 122/388 121/380 
f 114/347 115/348 123/396 122/388 
f 115/348 116/352 124/404 123/396 
f 116/352 109/353 117/405 124/404 
f 282/355 118/354 126/406 284/407 
f 195/420 196/421 199/422 200/423 
f 196/421 197/4177 198/4178 199/422 
f 120/372 121/380 129/408 128/409 
f 121/380 122/388 130/410 129/408 
f 122/388 123/396 131/411 130/410 
f 123/396 124/404 132/412 131/411 
f 124/404 117/405 125/468 132/412 
f 284/407 126/406 134/472 286/474 
f 126/406 127/476 135/478 134/472 
f 127/476 128/409 136/480 135/478 
f 128/409 129/408 137/482 136/480 
f 129/408 130/410 138/484 137/482 
f 130/410 131/411 139/488 138/484 
f 131/411 132/412 140/492 139/488 
f 132/412 125/468 133/494 140/492 
f 286/474 134/472 142/496 288/498 
f 201/426 202/427 213/428 214/429 
f 202/427 203/430 212/431 213/428 
f 203/430 204/432 211/433 212/431 
f 204/432 205/434 210/435 211/433 
f 205/434 206/436 209/437 210/435 
f 206/436 207/4213 208/4214 209/437 
f 140/492 133/494 141/500 148/502 
f 288/498 142/496 150/504 290/510 
f 142/496 143/512 151/514 150/504 
f 143/512 144/516 152/518 151/514 
f 144/516 145/520 153/522 152/518 
f 145/520 146/524 154/526 153/522 
f 146/524 147/528 155/530 154/526 
f 147/528 148/502 156/532 155/530 
f 148/502 141/500 149/538 156/532 
f 290/510 150/504 158/4096 292/4097 
f 215/440 216/441 227/442 228/443 
f 216/441 217/444 226/445 227/442 
f 217/444 218/446 225/447 226/445 
f 218/446 219/448 224/449 225/447 
f 219/448 220/450 223/451 224/449 
f 220/450 221/4249 222/4250 223/451 
f 156/532 149/538 157/4098 164/4099 
f 292/4097 158/4096 166/4100 294/4101 
f 158/4096 159/4102 167/4103 166/4100 
f 159/4102 160/4104 168/4105 167/4103 
f 160/4104 161/4106 169/4107 168/4105 
f 161/4106 162/4108 170/4109 169/4107 
f 162/4108 163/4110 171/4111 170/4109 
f 163/4110 164/4099 172/4112 171/4111 
f 164/4099 157/4098 165/4113 172/4112 
f 294/4101 166/4100 174/4114 296/4115 
f 229/454 230/455 241/456 242/457 
f 230/455 231/458 240/459 241/456 
f 231/458 232/460 239/461 240/459 
f 232/460 233/462 238/463 239/461 
f 233/462 234/464 237/465 238/463 
f 234/464 235/4277 236/4278 237/465 
f 172/4112 165/4113 173/4116 180/4117 
f 296/4115 174/4114 182/4118 298/4119 
f 174/4114 175/4120 183/4121 182/4118 
f 175/4120 176/4122 184/4123 183/4121 
f 176/4122 177/4124 185/4125 184/4123 
f 177/4124 178/4126 186/4127 185/4125 
f 178/4126 179/4128 187/4129 186/4127 
f 179/4128 180/4117 188/4130 187/4129 
f 180/4117 173/4116 181/4131 188/4130 
f 298/4119 182/4118 273/4132 304/4133 
f 182/4118 183/4121 271/4134 273/4132 
f 183/4121 184/4123 269/4135 271/4134 
f 184/4123 185/4125 267/4136 269/4135 
f 185/4125 186/4127 265/4137 267/4136 
f 186/4127 187/4129 263/4138 265/4137 
f 187/4129 188/4130 259/4139 263/4138 
f 188/4130 181/4131 262/4140 259/4139 
f 102/326 103/327 190/641 189/642 
f 103/327 104/643 191/644 190/641 
f 104/248 112/249 192/252 191/255 
f 112/334 111/335 193/645 192/646 
f 111/335 110/647 194/648 193/645 
f 110/325 102/333 189/413 194/418 
f 118/342 119/343 196/4163 195/4164 
f 119/343 120/4165 197/4166 196/4163 
f 120/4153 128/4154 198/4155 197/4156 
f 128/350 127/351 199/4167 198/4168 
f 127/351 126/4169 200/4170 199/4167 
f 126/341 118/349 195/419 200/424 
f 134/358 135/359 202/360 201/361 
f 135/359 136/362 203/363 202/360 
f 136/362 137/4183 204/4184 203/363 
f 137/4183 138/4185 205/4186 204/4184 
f 138/4185 139/4187 206/4188 205/4186 
f 139/4187 140/4189 207/4190 206/4188 
f 140/4159 148/4160 208/4161 207/4162 
f 148/366 147/367 209/368 208/369 
f 147/367 146/370 210/371 209/368 
f 146/370 145/4191 211/4192 210/371 
f 145/4191 144/4193 212/4194 211/4192 
f 144/4193 143/4195 213/4196 212/4194 
f 143/4195 142/4197 214/4198 213/4196 
f 142/357 134/365 201/425 214/438 
f 150/374 151/375 216/376 215/377 
f 151/375 152/378 217/379 216/376 
f 152/378 153/4219 218/4220 217/379 
f 153/4219 154/4221 219/4222 218/4220 
f 154/4221 155/4223 220/4224 219/4222 
f 155/4223 156/4225 221/4226 220/4224 
f 156/4179 164/4180 222/4181 221/4182 
f 164/382 163/383 223/384 222/385 
f 163/383 162/386 224/387 223/384 
f 162/386 161/4227 225/4228 224/387 
f 161/4227 160/4229 226/4230 225/4228 
f 160/4229 159/4231 227/4232 226/4230 
f 159/4231 158/4233 228/4234 227/4232 
f 158/373 150/381 215/439 228/452 
f 166/390 167/391 230/392 229/393 
f 167/391 168/394 231/395 230/392 
f 168/394 169/895 232/896 231/395 
f 169/895 170/897 233/898 232/896 
f 170/897 171/4251 234/4252 233/898 
f 171/4251 172/4253 235/4254 234/4252 
f 172/4215 180/4216 236/4217 235/4218 
f 180/398 179/399 237/400 236/401 
f 179/399 178/402 238/403 237/400 
f 178/402 177/4255 239/4256 238/403 
f 177/4255 176/4257 240/4258 239/4256 
f 176/4257 175/4259 241/4260 240/4258 
f 175/4259 174/4261 242/4262 241/4260 
f 174/389 166/397 229/453 242/466 
f 302/536 304/539 300/540 
f 303/537 301/541 299/542 
f 245/278 244/277 243/533 246/543 
f 247/281 245/278 246/543 248/544 
f 249/283 247/281 248/544 250/546 
f 251/469 249/283 250/546 252/547 
f 253/473 251/469 252/547 254/548 
f 255/477 253/473 254/548 256/549 
f 257/481 255/477 256/549 258/550 
f 299/485 257/481 258/550 303/551 
f 261/268 260/287 259/507 262/534 
f 260/287 264/289 263/553 259/507 
f 264/289 266/291 265/555 263/553 
f 266/291 268/489 267/556 265/555 
f 268/489 270/495 269/557 267/556 
f 270/495 272/499 271/558 269/557 
f 272/499 274/503 273/559 271/558 
f 300/506 349/505 321/560 302/561 
f 274/503 300/506 304/562 273/559 
f 275/305 301/487 303/509 276/535 
f 277/4141 275/4142 276/309 278/329 
f 279/4143 277/4141 278/329 280/344 
f 281/4144 279/4143 280/344 282/355 
f 283/4145 281/4144 282/355 284/407 
f 285/4146 283/4145 284/407 286/474 
f 287/4147 285/4146 286/474 288/498 
f 289/4148 287/4147 288/498 290/510 
f 291/4149 289/4148 290/510 292/4097 
f 293/4150 291/4149 292/4097 294/4101 
f 295/4151 293/4150 294/4101 296/4115 
f 297/4152 295/4151 296/4115 298/4119 
f 302/316 297/508 298/531 304/4320 
f 301/511 275/513 553/515 
f 553/515 275/513 277/517 554/519 
f 554/519 277/517 279/521 555/523 
f 555/523 279/521 281/525 556/527 
f 556/527 281/525 283/529 316/576 
f 316/576 283/529 285/577 557/578 
f 557/578 285/577 287/579 317/580 
f 317/580 287/579 289/581 318/582 
f 318/582 289/581 291/583 558/584 
f 558/584 291/583 293/585 319/586 
f 319/586 293/585 295/587 320/864 
f 320/864 295/587 297/866 321/868 
f 297/866 302/870 321/868 
f 308/486 299/485 301/552 553/575 
f 322/589 305/280 324/279 323/590 
f 323/590 324/279 306/282 325/591 
f 325/591 306/282 307/284 326/592 
f 326/592 307/284 328/471 327/593 
f 327/593 328/471 330/475 329/594 
f 329/594 330/475 332/479 331/595 
f 331/595 332/479 334/483 333/596 
f 333/596 334/483 308/486 335/597 
f 336/588 338/607 309/286 337/285 
f 338/607 340/608 339/288 309/286 
f 340/608 341/609 310/290 339/288 
f 341/609 343/610 342/292 310/290 
f 343/610 344/611 311/491 342/292 
f 344/611 346/612 345/497 311/491 
f 346/612 348/613 347/501 345/497 
f 348/613 350/614 349/505 347/501 
f 351/625 353/626 352/296 305/295 322/627 
f 353/626 354/628 312/298 352/296 
f 354/628 356/629 355/300 312/298 
f 356/629 357/630 313/302 355/300 
f 357/630 359/631 358/304 313/302 
f 359/631 361/632 360/470 358/304 
f 361/632 363/633 362/493 360/470 
f 363/633 365/634 364/554 362/493 
f 365/634 366/635 314/564 364/554 
f 366/635 368/636 367/566 314/564 
f 368/636 369/637 315/568 367/566 
f 369/637 371/638 370/570 315/568 
f 371/638 372/639 336/640 337/572 370/570 
f 373/656 376/657 375/658 374/659 
f 374/659 375/658 378/660 377/661 
f 377/661 378/660 380/662 379/663 
f 379/663 380/662 382/664 381/665 
f 381/665 382/664 384/666 383/667 
f 383/667 384/666 386/668 385/669 
f 385/669 386/668 388/670 387/671 
f 387/671 388/670 353/672 351/674 
f 376/657 390/677 389/678 375/658 
f 375/658 389/678 391/679 378/660 
f 378/660 391/679 392/680 380/662 
f 380/662 392/680 393/681 382/664 
f 382/664 393/681 394/683 384/666 
f 384/666 394/683 395/690 386/668 
f 386/668 395/690 396/692 388/670 
f 388/670 396/692 354/693 353/672 
f 390/677 398/694 397/695 389/678 
f 399/649 402/650 401/651 400/652 
f 400/652 401/651 404/653 403/654 
f 392/680 406/697 405/701 393/681 
f 393/681 405/701 407/702 394/683 
f 394/683 407/702 408/703 395/690 
f 395/690 408/703 409/704 396/692 
f 396/692 409/704 356/705 354/693 
f 398/694 411/707 410/714 397/695 
f 397/695 410/714 413/716 412/717 
f 412/717 413/716 414/718 406/697 
f 406/697 414/718 415/719 405/701 
f 405/701 415/719 416/721 407/702 
f 407/702 416/721 417/729 408/703 
f 408/703 417/729 418/731 409/704 
f 409/704 418/731 357/746 356/705 
f 411/707 420/749 419/761 410/714 
f 421/4171 424/4172 423/4173 422/4174 
f 422/4174 423/4173 426/4175 425/4176 
f 414/718 428/763 427/778 415/719 
f 415/719 427/778 429/781 416/721 
f 416/721 429/781 430/793 417/729 
f 417/729 430/793 431/795 418/731 
f 418/731 431/795 359/810 357/746 
f 420/749 433/812 432/813 419/761 
f 419/761 432/813 435/815 434/817 
f 434/817 435/815 436/819 428/763 
f 428/763 436/819 437/821 427/778 
f 427/778 437/821 438/823 429/781 
f 429/781 438/823 439/824 430/793 
f 430/793 439/824 440/825 431/795 
f 431/795 440/825 361/826 359/810 
f 433/812 442/827 441/828 432/813 
f 443/4199 446/4200 445/4201 444/4202 
f 444/4202 445/4201 448/4203 447/4204 
f 447/4204 448/4203 450/4205 449/4206 
f 449/4206 450/4205 452/4207 451/4208 
f 451/4208 452/4207 454/4209 453/4210 
f 453/4210 454/4209 456/4211 455/4212 
f 440/825 457/829 363/830 361/826 
f 442/827 459/831 458/832 441/828 
f 441/828 458/832 461/833 460/834 
f 460/834 461/833 463/841 462/842 
f 462/842 463/841 465/843 464/844 
f 464/844 465/843 467/845 466/846 
f 466/846 467/845 469/847 468/848 
f 468/848 469/847 470/849 457/829 
f 457/829 470/849 365/850 363/830 
f 459/831 472/851 471/852 458/832 
f 473/4235 476/4236 475/4237 474/4238 
f 474/4238 475/4237 478/4239 477/4240 
f 477/4240 478/4239 480/4241 479/4242 
f 479/4242 480/4241 482/4243 481/4244 
f 481/4244 482/4243 484/4245 483/4246 
f 483/4246 484/4245 486/4247 485/4248 
f 470/849 487/853 366/854 365/850 
f 472/851 489/855 488/856 471/852 
f 471/852 488/856 491/857 490/858 
f 490/858 491/857 493/859 492/865 
f 492/865 493/859 495/867 494/869 
f 494/869 495/867 497/871 496/873 
f 496/873 497/871 499/875 498/877 
f 498/877 499/875 500/879 487/853 
f 487/853 500/879 368/881 366/854 
f 489/855 502/883 501/899 488/856 
f 503/4263 506/4264 505/4265 504/4266 
f 504/4266 505/4265 508/4267 507/4268 
f 507/4268 508/4267 510/4269 509/4270 
f 509/4270 510/4269 512/4271 511/4272 
f 511/4272 512/4271 514/4273 513/4274 
f 513/4274 514/4273 516/4275 515/4276 
f 500/879 517/900 369/4060 368/881 
f 502/883 519/4061 518/4062 501/899 
f 501/899 518/4062 521/4063 520/4064 
f 520/4064 521/4063 523/4065 522/4066 
f 522/4066 523/4065 525/4067 524/4068 
f 524/4068 525/4067 527/4069 526/4070 
f 526/4070 527/4069 529/4071 528/4072 
f 528/4072 529/4071 530/4073 517/900 
f 517/900 530/4073 371/4074 369/4060 
f 519/4061 532/4075 531/4076 518/4062 
f 518/4062 531/4076 533/4077 521/4063 
f 521/4063 533/4077 534/4078 523/4065 
f 523/4065 534/4078 535/4079 525/4067 
f 525/4067 535/4079 536/4080 527/4069 
f 527/4069 536/4080 537/4081 529/4071 
f 529/4071 537/4081 538/4082 530/4073 
f 530/4073 538/4082 372/4083 371/4074 
f 389/675 399/676 400/685 391/688 
f 391/688 400/685 403/4283 392/4284 
f 392/4279 403/4280 404/4281 406/4282 
f 406/686 404/689 401/691 412/698 
f 412/698 401/691 402/4285 397/4286 
f 397/673 402/682 399/684 389/687 
f 410/699 421/700 422/709 413/712 
f 413/712 422/709 425/4291 414/4292 
f 414/4287 425/4288 426/4289 428/4290 
f 428/710 426/713 423/715 434/722 
f 434/722 423/715 424/4293 419/4294 
f 419/696 424/706 421/708 410/711 
f 432/723 443/724 444/725 435/726 
f 435/726 444/725 447/727 436/728 
f 436/728 447/727 449/733 437/736 
f 437/736 449/733 451/738 438/740 
f 438/740 451/738 453/742 439/744 
f 439/744 453/742 455/4299 440/4300 
f 440/4295 455/4296 456/4297 457/4298 
f 457/734 456/737 454/739 468/741 
f 468/741 454/739 452/743 466/745 
f 466/745 452/743 450/747 464/750 
f 464/750 450/747 448/752 462/754 
f 462/754 448/752 445/756 460/758 
f 460/758 445/756 446/4301 441/4302 
f 441/720 446/730 443/732 432/735 
f 458/751 473/753 474/755 461/757 
f 461/757 474/755 477/759 463/760 
f 463/760 477/759 479/765 465/768 
f 465/768 479/765 481/770 467/772 
f 467/772 481/770 483/774 469/776 
f 469/776 483/774 485/4307 470/4308 
f 470/4303 485/4304 486/4305 487/4306 
f 487/766 486/769 484/771 498/773 
f 498/773 484/771 482/775 496/777 
f 496/777 482/775 480/779 494/782 
f 494/782 480/779 478/784 492/786 
f 492/786 478/784 475/788 490/790 
f 490/790 475/788 476/4309 471/4310 
f 471/748 476/762 473/764 458/767 
f 488/783 503/785 504/787 491/789 
f 491/789 504/787 507/791 493/792 
f 493/792 507/791 509/797 495/800 
f 495/800 509/797 511/802 497/804 
f 497/804 511/802 513/806 499/808 
f 499/808 513/806 515/4315 500/4316 
f 500/4311 515/4312 516/4313 517/4314 
f 517/798 516/801 514/803 528/805 
f 528/805 514/803 512/807 526/809 
f 526/809 512/807 510/811 524/814 
f 524/814 510/811 508/816 522/818 
f 522/818 508/816 505/820 520/822 
f 520/822 505/820 506/4317 501/4318 
f 501/780 506/794 503/796 488/799 
f 539/835 350/836 532/837 
f 373/655 335/838 540/839 
f 323/590 387/598 351/599 322/589 
f 325/591 385/600 387/598 323/590 
f 326/592 383/601 385/600 325/591 
f 327/593 381/602 383/601 326/592 
f 329/594 379/603 381/602 327/593 
f 331/595 377/604 379/603 329/594 
f 333/596 374/605 377/604 331/595 
f 335/597 373/606 374/605 333/596 
f 336/588 372/615 538/616 338/607 
f 338/607 538/616 537/617 340/608 
f 340/608 537/617 536/618 341/609 
f 341/609 536/618 535/619 343/610 
f 343/610 535/619 534/620 344/611 
f 344/611 534/620 533/621 346/612 
f 346/612 533/621 531/622 348/613 
f 350/614 539/623 321/560 349/505 
f 348/613 531/622 532/624 350/614 
f 541/860 376/861 373/862 540/863 
f 542/4084 390/677 376/657 541/4085 
f 543/4086 398/694 390/677 542/4084 
f 544/4087 411/707 398/694 543/4086 
f 545/4088 420/749 411/707 544/4087 
f 546/4089 433/812 420/749 545/4088 
f 547/4090 442/827 433/812 546/4089 
f 548/4091 459/831 442/827 547/4090 
f 549/4092 472/851 459/831 548/4091 
f 550/4093 489/855 472/851 549/4092 
f 551/4094 502/883 489/855 550/4093 
f 552/4095 519/4061 502/883 551/4094 
f 539/884 532/885 519/886 552/4321 
f 540/872 553/515 541/874 
f 553/515 554/519 542/876 541/874 
f 554/519 555/523 543/878 542/876 
f 555/523 556/527 544/880 543/878 
f 556/527 316/576 545/882 544/880 
f 316/576 557/578 546/887 545/882 
f 557/578 317/580 547/888 546/887 
f 317/580 318/582 548/889 547/888 
f 318/582 558/584 549/890 548/889 
f 558/584 319/586 550/891 549/890 
f 319/586 320/864 551/892 550/891 
f 320/864 321/868 552/893 551/892 
f 552/893 321/868 539/894 
f 308/486 553/575 540/840 335/597 
f 559/901 561/902 560/903 
f 717/949 718/950 759/951 
f 788/1162 789/1163 833/1164 
f 846/1254 891/1255 893/1315 
f 559/901 560/903 562/904 565/905 564/906 563/907 
f 560/903 561/902 569/908 568/909 567/910 566/911 
f 564/906 565/905 576/916 575/917 574/918 573/919 
f 570/914 571/931 582/932 585/933 584/955 583/956 
f 566/911 577/920 588/921 587/922 586/934 572/935 
f 586/934 587/922 605/936 604/937 603/938 602/947 
f 600/984 601/985 622/986 621/987 620/1024 612/1025 
f 606/965 607/966 628/997 630/998 629/1000 627/1001 
f 595/948 615/960 633/961 632/962 631/963 608/968 
f 591/939 610/940 634/941 636/942 635/969 609/970 
f 611/913 612/930 620/943 640/944 639/973 638/974 
f 621/954 622/959 652/988 651/989 653/1026 650/1027 
f 631/963 632/962 661/979 660/980 659/1002 658/1003 
f 639/1057 640/1060 650/4346 653/4347 671/4348 670/4349 
f 654/964 655/994 686/995 685/996 684/1034 683/1035 
f 655/1081 656/1082 657/1083 688/1084 687/1130 686/1131 
f 662/4406 663/4407 694/4408 696/4409 695/4410 693/4411 
f 644/1004 676/1018 699/1019 698/1042 697/1043 664/1044 
f 637/971 667/972 700/1005 702/1006 701/1007 665/1008 
f 684/1132 685/1133 726/1134 725/1135 724/4436 723/4437 
f 687/1038 688/1041 728/1085 727/1086 725/1136 726/1137 
f 697/1043 698/1042 736/1045 735/1050 734/1067 733/1068 
f 703/1165 704/1166 705/1167 742/1191 741/1192 743/1193 
f 706/1058 707/1059 745/1108 747/1109 746/1170 744/1171 
f 719/1194 761/1195 760/1196 763/1231 762/1232 720/1233 
f 729/1046 730/1047 771/1091 770/1092 769/1093 768/1094 
f 730/1146 731/1149 732/1210 773/1211 772/1212 771/1213 
f 737/4440 738/4441 779/4442 781/4443 780/4444 778/4445 
f 713/1099 754/1100 784/1101 783/1118 782/1119 739/1152 
f 741/1192 742/1191 786/1234 789/1163 788/1162 787/1235 
f 762/1232 763/1231 808/1236 807/1260 806/1261 790/1262 
f 764/1201 765/1202 809/1258 811/1259 810/1266 805/1267 
f 769/1273 770/1274 819/1275 818/1276 817/1277 816/1278 
f 772/1097 773/1098 821/1148 820/1150 818/1151 819/1214 
f 782/1119 783/1118 829/1153 828/1154 827/1155 826/1160 
f 812/1263 813/1304 855/1324 854/1325 856/1326 853/1327 
f 822/1156 823/1157 864/1220 863/1221 862/1222 861/1223 
f 823/1289 824/1292 825/1348 866/1349 865/1350 864/1351 
f 830/4474 831/4475 872/4476 874/4477 873/4478 871/4479 
f 798/1185 842/1186 877/1228 876/1229 875/1230 832/1249 
f 789/1163 806/1261 849/1331 879/1332 878/1333 833/1164 
f 851/1334 853/1327 856/1326 901/1335 900/1336 852/1369 
f 857/1339 858/1340 903/1402 905/1403 904/1406 902/1407 
f 862/1413 863/1414 913/1415 912/1416 911/1417 910/1418 
f 865/1226 866/1227 915/1291 914/1293 912/1294 913/1352 
f 875/1230 876/1229 923/1250 922/1295 921/1296 920/1297 
f 906/1370 907/1397 952/1398 951/1399 953/1473 950/1474 
f 916/1299 917/1300 961/1358 960/1359 959/1360 958/1361 
f 917/1429 918/1432 919/1497 963/1498 962/1499 961/1500 
f 924/4506 925/4507 969/4508 971/4509 970/4510 968/4511 
f 948/1475 950/1474 953/1473 992/1480 991/1481 949/1482 
f 954/1488 955/1489 994/1548 996/1549 995/1552 993/1553 
f 959/1559 960/1560 1004/1561 1003/1562 1002/1563 1001/1564 
f 962/1364 963/1365 1006/1431 1005/1433 1003/1434 1004/1501 
f 939/1533 986/1534 1015/1535 1014/1536 1016/1537 973/1584 
f 997/1483 998/1484 1032/1485 1031/1543 1033/1544 1030/1545 
f 1007/1439 1008/1440 1041/1507 1040/1508 1039/1509 1038/1510 
f 1008/1575 1009/1578 1010/1630 1043/1631 1042/1632 1041/1633 
f 1028/1606 1030/1545 1033/1544 1062/1607 1061/1608 1029/1613 
f 1034/1621 1035/1622 1064/1669 1066/1670 1065/1673 1063/1674 
f 1039/1680 1040/1681 1074/1682 1073/1683 1072/1684 1071/1685 
f 1042/1513 1043/1514 1076/1577 1075/1579 1073/1580 1074/1634 
f 1048/1585 1049/1586 1077/1587 1079/1640 1081/1641 1080/1642 
f 1067/1614 1068/1615 1094/1616 1093/1617 1095/1618 1092/1664 
f 1090/1665 1092/1664 1095/1618 1115/1666 1114/1711 1091/1712 
f 1096/1726 1097/1727 1117/1756 1119/1757 1118/1760 1116/1761 
f 1105/1643 1106/1644 1122/1697 1126/1698 1128/1699 1127/1700 
f 563/1830 564/1831 573/1832 590/1833 1149/1837 1151/1838 
f 559/923 563/924 1151/925 1153/926 569/927 561/945 
f 598/946 599/975 1153/926 1151/925 649/976 619/1013 
f 741/1839 787/1840 1156/1841 1155/1842 785/1850 743/1851 
f 942/1393 987/1394 1156/1395 1157/1396 974/1444 944/1445 
f 787/1446 788/1471 833/1472 878/1541 1157/1396 1156/1395 
f 562/1010 571/1011 570/1012 565/1055 
f 560/903 566/911 572/935 562/904 
f 566/911 567/910 578/1298 577/920 
f 562/912 572/915 582/928 571/929 
f 565/1055 570/1012 583/1056 576/1107 
f 573/919 574/918 589/1303 590/1316 
f 574/1009 575/1051 592/1052 591/939 
f 575/1168 576/1107 593/1169 592/4322 
f 567/1014 579/1061 594/1062 578/1110 
f 577/920 578/1298 596/1317 595/948 
f 572/1028 586/1031 585/1032 582/1074 
f 576/1107 583/1056 600/4323 593/1169 
f 583/956 584/955 601/957 600/958 
f 584/1075 585/1032 586/1031 602/1125 
f 587/1078 588/1079 607/1080 606/1128 
f 577/920 595/948 608/968 588/921 
f 574/1009 591/939 609/970 589/1053 
f 591/939 592/1052 611/1054 610/940 
f 578/1110 594/1062 613/1111 596/1176 
f 579/952 597/953 614/977 594/978 
f 595/948 596/1317 616/1366 615/960 
f 584/1075 602/1125 623/1198 601/1199 
f 602/1125 603/4334 624/4335 623/1198 
f 603/990 604/991 625/992 624/993 
f 604/1129 605/1200 626/1256 625/1257 
f 587/1078 606/1128 627/4350 605/1200 
f 588/967 608/999 628/4560 607/4561 
f 610/940 611/1054 638/1102 637/971 
f 596/1176 613/1111 641/1177 616/1239 
f 594/978 614/977 642/981 613/982 
f 597/953 617/983 643/1015 614/977 
f 615/960 616/1366 645/1367 644/1004 
f 617/983 618/1016 646/1017 647/1020 
f 618/1016 619/1021 649/1022 648/1023 
f 620/1024 621/987 650/4346 640/1060 
f 624/993 625/992 654/1029 652/1030 
f 605/1200 627/4350 656/4351 626/1256 
f 608/1138 631/1141 630/1142 628/1203 
f 627/1001 629/1000 657/1036 656/1037 
f 629/1204 630/1142 631/1141 658/1268 
f 632/1144 633/1145 663/1147 662/1207 
f 615/960 644/1004 664/1044 633/961 
f 637/971 638/1102 668/1103 667/972 
f 616/1239 641/1177 672/1240 645/1305 
f 613/982 642/981 673/1063 641/1064 
f 614/977 643/1015 674/1065 642/981 
f 617/983 647/1020 675/1066 643/1015 
f 644/1004 645/1367 677/1368 676/1018 
f 646/1017 678/1069 679/1070 647/1020 
f 618/1016 648/1023 680/1071 646/1017 
f 651/1033 652/1030 654/1029 683/1076 
f 629/1204 658/1268 689/1329 657/1330 
f 658/1268 659/4362 690/4363 689/1329 
f 659/1087 660/1088 691/1089 690/1090 
f 660/1208 661/1209 692/1271 691/1272 
f 632/1144 662/1207 693/1338 661/1209 
f 633/1048 664/1049 694/1095 663/1096 
f 667/972 668/1103 704/1104 703/1105 
f 668/4324 669/4325 705/4326 704/4327 
f 669/4325 670/4328 706/4329 705/4326 
f 670/1174 671/1175 707/1059 706/1058 
f 645/1305 672/1240 708/1306 677/1371 
f 641/1064 673/1063 709/1072 672/1073 
f 642/981 674/1065 710/1112 673/1063 
f 643/1015 675/1066 711/1113 674/1065 
f 647/1020 679/1070 712/1114 675/1066 
f 676/1018 677/1368 714/1383 713/1099 
f 678/1120 716/1121 715/1184 679/1187 
f 681/4336 719/4337 720/4338 682/4339 
f 651/1033 683/1076 721/1077 681/1126 
f 671/4340 682/4339 720/4338 707/4341 
f 685/1133 686/1131 687/1130 726/1134 
f 690/1090 691/1089 729/1139 728/1140 
f 661/1209 693/1338 731/1400 692/1271 
f 664/1215 697/1279 696/1280 694/1281 
f 693/4411 695/4410 732/4412 731/4413 
f 695/1284 696/1280 697/1279 733/1285 
f 698/1287 699/1288 738/1290 737/1345 
f 676/1018 713/1099 739/1152 699/1019 
f 667/972 703/1105 740/1106 700/1005 
f 705/4326 706/4329 744/4330 742/4331 
f 677/1371 708/1306 748/1372 714/1447 
f 672/1073 709/1072 749/1115 708/1116 
f 673/1063 710/1112 750/1117 709/1072 
f 674/1065 711/1113 751/1122 710/1112 
f 675/1066 712/1114 752/1123 711/1113 
f 679/1187 715/1184 753/1188 712/1189 
f 713/1099 714/1383 755/1384 754/1100 
f 678/1120 717/1247 756/1248 716/1121 
f 715/1184 716/1121 758/1251 757/1252 
f 681/1126 721/1077 761/1127 719/1197 
f 707/4341 720/4338 762/4342 745/4343 
f 721/4352 722/4353 760/4354 761/4355 
f 722/4353 723/4356 764/4357 760/4354 
f 723/4404 724/4405 765/1202 764/1201 
f 727/1143 728/1140 729/1139 768/1205 
f 695/1284 733/1285 774/1341 732/1342 
f 733/1285 734/1408 775/1478 774/1341 
f 734/1216 735/1217 776/1218 775/1219 
f 735/1346 736/1347 777/1411 776/1412 
f 698/1287 737/1345 778/1487 736/1347 
f 699/1158 739/1159 779/1224 738/1225 
f 703/1165 743/1193 785/1713 740/1718 
f 742/4331 744/4330 746/4332 786/4333 
f 745/4343 762/4342 790/4344 747/4345 
f 746/1172 747/1173 790/1237 786/1238 
f 714/1447 748/1372 791/1448 755/1519 
f 708/1116 749/1115 792/1124 748/1178 
f 709/1072 750/1117 793/1179 749/1115 
f 710/1112 751/1122 794/1180 750/1117 
f 711/1113 752/1123 795/1181 751/1122 
f 712/1189 753/1188 796/1253 752/1313 
f 715/1184 757/1252 797/1314 753/1188 
f 754/1100 755/1384 799/1435 798/1185 
f 716/1121 756/1248 802/1318 758/1251 
f 757/1252 758/1251 804/1319 803/1379 
f 760/4354 764/4357 805/4358 763/4359 
f 724/4364 767/4365 812/4366 765/4367 
f 766/4368 813/4369 812/4366 767/4365 
f 727/1143 768/1205 814/1206 766/1269 
f 770/1274 771/1213 772/1212 819/1275 
f 775/1219 776/1218 822/1282 821/1283 
f 736/1347 778/1487 824/1546 777/1411 
f 739/1353 782/1419 781/1420 779/1421 
f 778/4445 780/4444 825/4446 824/4447 
f 780/1424 781/1420 782/1419 826/1425 
f 783/1427 784/1428 831/1430 830/1494 
f 754/1100 798/1185 832/1249 784/1101 
f 786/1234 790/1262 806/1261 789/1163 
f 755/1519 791/1448 834/1520 799/1843 
f 748/1178 792/1124 835/1182 791/1183 
f 749/1115 793/1179 836/1190 792/1124 
f 750/1117 794/1180 837/1241 793/1179 
f 751/1122 795/1181 838/1242 794/1180 
f 752/1313 796/1253 839/1380 795/1386 
f 753/1188 797/1314 840/1455 796/1253 
f 757/1252 803/1379 841/1456 797/1314 
f 798/1185 799/1435 843/1436 842/1186 
f 758/1251 802/1318 846/1527 804/1319 
f 803/1320 804/1321 848/1322 847/1381 
f 763/4359 805/4358 810/4360 808/4361 
f 806/1261 807/1260 850/1719 849/1331 
f 807/1260 808/1236 851/1334 852/1369 
f 809/4370 853/4371 851/4372 811/4373 
f 765/4367 812/4366 853/4371 809/4370 
f 808/1264 810/1265 811/1323 851/1328 
f 766/1269 814/1206 855/1270 813/1337 
f 814/1401 815/4414 854/4415 855/4416 
f 815/4414 816/4417 857/4418 854/4415 
f 816/4438 817/4439 858/1340 857/1339 
f 820/1286 821/1283 822/1282 861/1343 
f 780/1424 826/1425 867/1490 825/1491 
f 826/1425 827/1554 868/1611 867/1490 
f 827/1354 828/1355 869/1356 868/1357 
f 828/1495 829/1496 870/1557 869/1558 
f 783/1427 830/1494 871/1620 829/1496 
f 784/1301 832/1302 872/1362 831/1363 
f 799/1843 834/1520 880/1844 843/1845 
f 791/1183 835/1182 881/1243 834/1244 
f 792/1124 836/1190 882/1245 835/1182 
f 793/1179 837/1241 883/1246 836/1190 
f 794/1180 838/1242 884/1307 837/1241 
f 795/1386 839/1380 885/1528 838/1594 
f 796/1253 840/1455 886/1595 839/1380 
f 797/1314 841/1456 887/1654 840/1455 
f 803/1320 847/1381 888/1382 841/1385 
f 842/1186 843/1436 890/1437 889/1438 
f 847/1381 848/1322 896/1387 895/1388 
f 849/1542 850/1604 898/1605 897/1662 
f 807/1260 852/1369 899/1720 850/1719 
f 854/4415 857/4418 902/4419 856/4420 
f 817/1479 860/4423 906/4424 858/4425 
f 859/4426 907/4427 906/4424 860/4423 
f 820/1286 861/1343 908/1344 859/1409 
f 863/1414 864/1351 865/1350 913/1415 
f 868/1357 869/1356 916/1422 915/1423 
f 829/1496 871/1620 918/1667 870/1557 
f 832/1502 875/1565 874/1566 872/1567 
f 871/4479 873/4478 919/4480 918/4481 
f 873/1570 874/1566 875/1565 920/1571 
f 876/1573 877/1574 925/1576 924/1627 
f 842/1186 889/1438 926/1443 877/1228 
f 843/1845 880/1844 929/1846 890/1852 
f 834/1244 881/1243 930/1308 880/1309 
f 835/1182 882/1245 931/1310 881/1243 
f 836/1190 883/1246 932/1311 882/1245 
f 837/1241 884/1307 933/1312 883/1246 
f 838/1594 885/1528 934/1655 884/1694 
f 839/1380 886/1595 935/1695 885/1528 
f 840/1455 887/1654 936/1696 886/1595 
f 841/1385 888/1382 937/1389 887/1390 
f 847/1381 895/1388 938/1391 888/1382 
f 889/1438 890/1437 940/1461 939/1462 
f 848/1322 894/1392 941/1457 896/1387 
f 897/1458 898/1459 945/1460 943/1463 
f 850/1604 899/1663 946/1709 898/1605 
f 852/1369 900/1336 947/1721 899/1720 
f 900/1336 901/1335 948/1475 949/1482 
f 856/4420 902/4419 904/4421 901/4422 
f 903/4428 950/4429 948/4430 905/4431 
f 858/4425 906/4424 950/4429 903/4428 
f 901/1404 904/1405 905/1476 948/1477 
f 859/1409 908/1344 952/1410 907/1486 
f 908/1547 909/4448 951/4449 952/4450 
f 909/4448 910/4451 954/4452 951/4449 
f 910/4472 911/4473 955/1489 954/1488 
f 914/1426 915/1423 916/1422 958/1492 
f 873/1570 920/1571 964/1623 919/1624 
f 920/1571 921/1675 965/1716 964/1623 
f 921/1503 922/1504 966/1505 965/1506 
f 922/1628 923/1629 967/1678 966/1679 
f 876/1573 924/1627 968/1725 923/1629 
f 877/1441 926/1442 969/1511 925/1512 
f 890/1852 929/1846 975/1853 940/1854 
f 880/1309 930/1308 976/1373 929/1374 
f 881/1243 931/1310 977/1375 930/1308 
f 882/1245 932/1311 978/1376 931/1310 
f 883/1246 933/1312 979/1377 932/1311 
f 884/1694 934/1655 980/1701 933/1702 
f 885/1528 935/1695 981/1732 934/1655 
f 886/1595 936/1696 982/1733 935/1695 
f 887/1390 937/1389 983/1464 936/1465 
f 888/1382 938/1391 984/1466 937/1389 
f 895/1388 943/1463 945/1460 938/1391 
f 896/1387 941/1457 987/1467 942/1468 
f 898/1459 946/1469 988/1470 945/1460 
f 899/1663 947/1710 989/1749 946/1709 
f 900/1336 949/1482 990/1722 947/1721 
f 951/4449 954/4452 993/4453 953/4454 
f 911/1612 957/4457 997/4458 955/4459 
f 956/4460 998/4461 997/4458 957/4457 
f 914/1426 958/1492 999/1493 956/1555 
f 960/1560 961/1500 962/1499 1004/1561 
f 965/1506 966/1505 1007/1568 1006/1569 
f 923/1629 968/1725 1009/1754 967/1678 
f 926/1635 972/1686 971/1687 969/1688 
f 968/4511 970/4510 1010/4512 1009/4513 
f 970/1691 971/1687 972/1686 1011/1692 
f 929/1374 976/1373 985/1378 975/1449 
f 930/1308 977/1375 1017/1450 976/1373 
f 931/1310 978/1376 1018/1451 977/1375 
f 932/1311 979/1377 1019/1452 978/1376 
f 933/1702 980/1701 1020/1734 979/1742 
f 934/1655 981/1732 1021/4374 980/1701 
f 935/1695 982/1733 1022/4375 981/1732 
f 936/1465 983/1464 1023/1517 982/1518 
f 937/1389 984/1466 1024/1529 983/1464 
f 938/1391 945/1460 988/1470 984/1466 
f 946/1469 989/1530 1025/1531 988/1470 
f 947/1710 990/1750 1026/1784 989/1749 
f 949/1482 991/1481 1027/1723 990/1722 
f 991/1481 992/1480 1028/1606 1029/1613 
f 953/4454 993/4453 995/4455 992/4456 
f 994/4462 1030/4463 1028/4464 996/4465 
f 955/4459 997/4458 1030/4463 994/4462 
f 992/1550 995/1551 996/1609 1028/1610 
f 956/1555 999/1493 1032/1556 998/1619 
f 999/1668 1000/4482 1031/4483 1032/4484 
f 1000/4482 1001/4485 1034/4486 1031/4483 
f 1001/4504 1002/4505 1035/1622 1034/1621 
f 1005/1572 1006/1569 1007/1568 1038/1625 
f 970/1691 1011/1692 1044/1728 1010/1729 
f 1011/1692 1012/1762 1045/1791 1044/1728 
f 1012/1636 1013/1637 1046/1638 1045/1639 
f 1014/1453 1015/1454 1017/1450 1051/1521 
f 977/1375 1018/1451 1051/1521 1017/1450 
f 978/1376 1019/1452 1052/1522 1018/1451 
f 979/1742 1020/1734 1053/4376 1019/4377 
f 980/1701 1021/4374 1054/4378 1020/1734 
f 981/1732 1022/4375 1055/4379 1021/4374 
f 982/1518 1023/1517 1056/1532 1022/1538 
f 983/1464 1024/1529 1057/1539 1023/1517 
f 984/1466 988/1470 1025/1531 1024/1529 
f 989/1530 1026/1540 1058/1596 1025/1531 
f 990/1750 1027/1785 1059/1809 1026/1784 
f 991/1481 1029/1613 1060/1751 1027/1723 
f 1031/4483 1034/4486 1063/4487 1033/4488 
f 1002/1717 1037/4491 1067/4492 1035/4493 
f 1036/4494 1068/4495 1067/4492 1037/4491 
f 1005/1572 1038/1625 1069/1626 1036/1676 
f 1040/1681 1041/1633 1042/1632 1074/1682 
f 1045/1639 1046/1638 1048/1689 1076/1690 
f 1018/1451 1052/1522 1050/1523 1051/1521 
f 1019/4377 1053/4376 1082/4380 1052/4381 
f 1020/1734 1054/4378 1083/4382 1053/4376 
f 1021/4374 1055/4379 1084/4383 1054/4378 
f 1022/1538 1056/1532 1085/1597 1055/1598 
f 1023/1517 1057/1539 1086/1599 1056/1532 
f 1024/1529 1025/1531 1058/1596 1057/1539 
f 1026/1540 1059/1602 1087/1603 1058/1596 
f 1027/1785 1060/1810 1088/1818 1059/1809 
f 1029/1613 1061/1608 1089/1752 1060/1751 
f 1061/1608 1062/1607 1090/1665 1091/1712 
f 1033/4488 1063/4487 1065/4489 1062/4490 
f 1064/4496 1092/4497 1090/4498 1066/4499 
f 1035/4493 1067/4492 1092/4497 1064/4496 
f 1062/1671 1065/1672 1066/1714 1090/1715 
f 1036/1676 1069/1626 1094/1677 1068/1724 
f 1069/1755 1070/4514 1093/4515 1094/4516 
f 1070/4514 1071/4517 1096/4518 1093/4515 
f 1071/4536 1072/4537 1097/1727 1096/1726 
f 1048/1689 1080/1693 1075/1730 1076/1690 
f 1077/4384 1078/4385 1100/4386 1079/4387 
f 1050/4388 1052/4381 1082/4380 1078/4385 
f 1053/4376 1083/4382 1107/4389 1082/4380 
f 1054/4378 1084/4383 1108/4390 1083/4382 
f 1055/1598 1085/1597 1109/1656 1084/1657 
f 1056/1532 1086/1599 1110/1658 1085/1597 
f 1057/1539 1058/1596 1087/1603 1086/1599 
f 1059/1602 1088/1659 1111/1660 1087/1603 
f 1060/1810 1089/1819 1112/1820 1088/1818 
f 1061/1608 1091/1712 1113/1753 1089/1752 
f 1093/4515 1096/4518 1116/4519 1095/4520 
f 1072/1792 1099/4523 1120/4524 1097/4525 
f 1098/4526 1121/4527 1120/4524 1099/4523 
f 1075/1730 1080/1693 1103/1731 1098/1763 
f 1078/4385 1082/4380 1107/4389 1100/4386 
f 1100/4386 1107/4389 1124/4391 1102/4392 
f 1098/1763 1103/1731 1104/1764 1121/1769 
f 1083/4382 1108/4390 1124/4391 1107/4389 
f 1084/1657 1109/1656 1129/1661 1108/1703 
f 1085/1597 1110/1658 1130/1704 1109/1656 
f 1086/1599 1087/1603 1111/1660 1110/1658 
f 1088/1659 1112/1705 1131/1706 1111/1660 
f 1089/1819 1113/1821 1132/1874 1112/1820 
f 1091/1712 1114/1711 1133/1770 1113/1753 
f 1114/1711 1115/1666 1134/1771 1135/1772 
f 1095/4520 1116/4519 1118/4521 1115/4522 
f 1117/4528 1125/4529 1134/4530 1119/4531 
f 1097/4525 1120/4524 1125/4529 1117/4528 
f 1115/1758 1118/1759 1119/1789 1134/1790 
f 1122/1707 1123/1708 1136/1735 1126/1736 
f 1102/1743 1124/1744 1137/1745 1123/1708 
f 1108/1703 1129/1661 1137/1745 1124/1744 
f 1109/1656 1130/1704 1142/1746 1129/1661 
f 1110/1658 1111/1660 1131/1706 1130/1704 
f 1112/1705 1132/1747 1143/1748 1131/1706 
f 1113/1821 1133/1875 1144/1878 1132/1874 
f 1114/1711 1135/1772 1145/1773 1133/1770 
f 1123/1708 1137/1745 1146/1765 1136/1735 
f 1127/1774 1140/1786 1145/1773 1135/1772 
f 1138/1766 1139/1767 1147/1768 1141/1779 
f 1136/1735 1146/1765 1148/1780 1139/1767 
f 1140/1879 1141/1880 1147/1883 1145/4432 
f 1129/1661 1142/1746 1146/1765 1137/1745 
f 1130/1704 1131/1706 1143/1748 1142/1746 
f 1132/1747 1144/1781 1148/1780 1143/1748 
f 1133/1875 1145/4432 1147/1883 1144/1878 
f 1139/1767 1148/1780 1144/1781 1147/1768 
f 1142/1746 1143/1748 1148/1780 1146/1765 
f 635/1823 636/1824 1150/1825 1149/1826 
f 568/1855 569/927 1153/926 581/1856 
f 701/1827 702/1828 1155/1829 1154/1834 
f 580/1861 581/1856 1153/926 599/975 
f 927/1835 974/1836 1157/1847 928/1848 
f 878/1541 879/4433 928/4434 1157/1396 
f 567/1014 568/1855 581/1856 580/1861 579/1061 
f 579/952 580/1524 599/1525 598/1526 597/953 
f 592/4322 593/1169 600/4323 612/930 611/913 
f 597/953 598/1526 619/1021 618/1016 617/983 
f 601/1199 623/1198 624/4335 652/988 622/959 
f 625/1257 626/1256 656/4351 655/994 654/964 
f 610/940 637/971 665/1008 666/1161 634/941 
f 638/974 639/973 670/4328 669/4325 668/4324 
f 651/989 681/4336 682/4339 671/4340 653/1026 
f 646/1017 680/1071 718/950 717/949 678/1069 
f 683/1035 684/1034 723/4356 722/4353 721/4352 
f 657/1330 689/1329 690/4363 728/1085 688/1041 
f 691/1272 692/1271 731/1400 730/1047 729/1046 
f 724/4364 725/1136 727/1086 766/4368 767/4365 
f 717/1247 759/4393 801/4394 800/4395 756/1248 
f 768/1094 769/1093 816/4417 815/4414 814/1401 
f 732/1342 774/1341 775/1478 821/1148 773/1098 
f 776/1412 777/1411 824/1546 823/1157 822/1156 
f 756/1248 800/4395 845/4396 844/4397 802/1318 
f 817/1479 818/1151 820/1150 859/4426 860/4423 
f 802/1318 844/4397 892/4398 891/4399 846/1527 
f 804/1321 846/1254 893/1315 894/1392 848/1322 
f 861/1223 862/1222 910/4451 909/4448 908/1547 
f 825/1491 867/1490 868/1611 915/1291 866/1227 
f 869/1558 870/1557 918/1667 917/1300 916/1299 
f 849/1542 897/1662 927/4435 928/4434 879/4433 
f 895/1388 896/1387 942/1468 944/1782 943/1463 
f 911/1612 912/1294 914/1293 956/4460 957/4457 
f 889/1438 939/1462 973/1515 972/1516 926/1443 
f 897/1458 943/1463 944/1782 974/1783 927/1793 
f 939/1533 940/1737 975/1738 985/1739 986/1534 
f 958/1361 959/1360 1001/4485 1000/4482 999/1668 
f 919/1624 964/1623 965/1716 1006/1431 963/1365 
f 966/1679 967/1678 1009/1754 1008/1440 1007/1439 
f 972/1516 973/1515 1013/1581 1012/1582 1011/1583 
f 976/1373 1017/1450 1015/1454 986/1588 985/1378 
f 1002/1717 1003/1434 1005/1433 1036/4494 1037/4491 
f 1014/1453 1051/1521 1050/1523 1047/1589 1016/1590 
f 1038/1510 1039/1509 1071/4517 1070/4514 1069/1755 
f 1010/1729 1044/1728 1045/1791 1076/1577 1043/1514 
f 1047/4400 1050/4388 1078/4385 1077/4384 1049/4401 
f 1072/1792 1073/1580 1075/1579 1098/4526 1099/4523 
f 1079/4387 1100/4386 1102/4392 1101/4402 1081/4403 
f 1101/1794 1102/1743 1123/1708 1122/1707 1106/1795 
f 1104/1787 1105/1788 1125/1798 1120/1811 1121/1814 
f 1105/1788 1127/1774 1135/1772 1134/1771 1125/1798 
f 1126/1736 1136/1735 1139/1767 1138/1766 1128/1796 
f 1127/1700 1128/1699 1138/1740 1141/1741 1140/1775 
f 589/1849 609/1857 635/1823 1149/1826 590/1858 
f 634/1862 666/1863 1152/1864 1150/1825 636/1824 
f 665/1876 701/1827 1154/1834 1152/1864 666/1863 
f 800/1859 801/1860 1150/1865 1152/1866 845/1867 
f 844/1868 845/1867 1152/1866 1154/1869 892/1870 
f 700/1877 740/1881 785/1882 1155/1829 702/1828 
f 973/1584 1016/1537 1047/1776 1049/1586 1048/1585 1046/1777 1013/1778 
f 1080/1642 1081/1641 1101/1802 1106/1644 1105/1643 1104/1803 1103/1804 
f 648/1871 649/1872 1151/1838 1149/1837 1150/1865 801/1860 759/1873 718/4668 680/4669 
f 891/4670 892/1870 1154/1869 1155/1842 1156/1841 987/4671 941/4672 894/4673 893/4674 
f 1158/1884 1160/1885 1161/1886 1159/1887 
f 1162/1888 1163/1889 1165/1890 1164/1891 
f 1158/1892 1159/1893 1163/1894 1162/1895 
f 1159/1896 1161/1897 1165/1898 1163/1899 
f 1161/1900 1160/1901 1164/1902 1165/1903 
f 1160/1904 1158/1905 1162/1906 1164/1907 
f 1166/1908 1168/1909 1169/1910 1167/1911 
f 1170/1912 1171/1913 1173/1914 1172/1915 
f 1166/1916 1167/1917 1171/1918 1170/1919 
f 1167/1920 1169/1921 1173/1922 1171/1923 
f 1169/1924 1168/1925 1172/1926 1173/1927 
f 1168/1928 1166/1929 1170/1930 1172/1931 
f 1174/1932 1176/1933 1177/1934 1175/1935 
f 1178/1936 1179/1937 1181/1938 1180/1939 
f 1174/1940 1175/1941 1179/1942 1178/1943 
f 1175/1944 1177/1945 1181/1946 1179/1947 
f 1177/1948 1176/1949 1180/1950 1181/1951 
f 1176/1952 1174/1953 1178/1954 1180/1955 
f 1182/1956 1183/1957 1185/1958 1184/1959 
f 1186/1960 1188/1961 1189/1962 1187/1963 
f 1182/1964 1186/1965 1187/1966 1183/1967 
f 1183/1968 1187/1969 1189/1970 1185/1971 
f 1185/1972 1189/1973 1188/1974 1184/1975 
f 1184/1976 1188/1977 1186/1978 1182/1979 
f 1190/1980 1191/1981 1193/1982 1192/1983 
f 1194/1984 1196/1985 1197/1986 1195/1987 
f 1190/1988 1194/1989 1195/1990 1191/1991 
f 1191/1992 1195/1993 1197/1994 1193/1995 
f 1193/1996 1197/1997 1196/1998 1192/1999 
f 1192/2000 1196/2001 1194/2002 1190/2003 
f 1198/2004 1199/2005 1201/2006 1200/2007 
f 1202/2008 1204/2009 1205/2010 1203/2011 
f 1198/2012 1202/2013 1203/2014 1199/2015 
f 1199/2016 1203/2017 1205/2018 1201/2019 
f 1201/2020 1205/2021 1204/2022 1200/2023 
f 1200/2024 1204/2025 1202/2026 1198/2027 
f 1206/2028 1207/2029 1208/2030 1209/2031 1210/2032 1211/2033 
f 1212/2034 1220/2035 1221/2036 1218/2037 1219/2038 1213/2039 
f 1230/1797 1238/1799 1249/1800 1250/1801 1251/1805 1239/1806 
f 1239/2080 1251/2081 1253/2082 1254/2083 1255/2098 1240/2101 
f 1249/2102 1264/2103 1265/4500 1266/4501 1267/4502 1250/4503 
f 1253/2095 1267/2096 1266/2097 1268/2104 1269/2105 1254/2106 
f 1256/1591 1272/1592 1291/1593 1292/1600 1293/1601 1273/1645 
f 1282/2099 1301/2100 1303/2128 1304/2129 1302/2152 1283/2153 
f 1286/1648 1308/1649 1309/1650 1310/1651 1311/1652 1287/1653 
f 1289/2055 1314/2056 1315/2057 1316/2058 1317/2067 1290/2068 
f 1294/2069 1317/2067 1316/2058 1318/2087 1319/2088 1295/2089 
f 1275/2090 1295/2089 1320/2091 1321/2118 1322/2119 1296/2120 
f 1305/2070 1326/2071 1329/2072 1327/2073 1328/2092 1306/2093 
f 1308/2198 1331/2201 1332/2202 1333/2203 1334/2204 1309/2205 
f 1310/2206 1335/2209 1336/4532 1337/4533 1312/4534 1311/4535 
f 1323/2094 1324/2122 1347/2123 1348/2124 1329/2072 1326/2071 
f 1300/2125 1325/2126 1349/2146 1350/2147 1351/2148 1324/2122 
f 1333/2232 1356/2235 1358/2238 1336/2239 1335/2242 1334/2244 
f 1338/2207 1361/2208 1362/2211 1363/2213 1340/2214 1339/2250 
f 1341/2121 1364/2143 1365/2144 1366/2145 1367/2168 1342/2169 
f 1344/2262 1370/2263 1371/2264 1372/2265 1373/2266 1345/2267 
f 1352/2199 1377/2200 1382/2233 1381/2234 1354/2236 1353/2237 
f 1364/2143 1390/2170 1389/2171 1391/2172 1392/2173 1365/2144 
f 1375/2149 1376/2182 1405/2183 1406/2185 1407/2189 1408/2190 
f 1378/2317 1412/2318 1409/2319 1410/2320 1411/2321 1379/2322 
f 1383/2191 1408/2190 1407/2189 1413/2192 1414/2193 1384/2194 
f 1386/2295 1417/2330 1418/2331 1419/2332 1420/2333 1387/2334 
f 1393/2296 1423/2341 1425/2344 1426/2345 1424/2388 1394/2389 
f 1395/2177 1427/2178 1428/2179 1429/2180 1430/2181 1396/2218 
f 1371/2264 1400/2304 1437/2305 1438/2306 1439/2307 1402/2308 
f 1416/2381 1451/2382 1452/2383 1453/2384 1418/2385 1417/2386 
f 1419/2387 1454/2390 1455/4542 1456/4543 1421/4544 1420/4545 
f 1427/2178 1457/2219 1458/2220 1459/2255 1460/2256 1428/2179 
f 1443/2226 1444/2227 1478/2228 1479/2229 1480/2230 1481/2268 
f 1445/2370 1482/2375 1483/2378 1484/2379 1450/2380 1446/2430 
f 1410/2320 1447/2361 1486/2362 1487/2372 1485/2373 1448/2374 
f 1452/2392 1491/2394 1493/2438 1455/2439 1454/2442 1453/2444 
f 1461/2400 1498/2457 1500/2460 1501/2461 1499/2512 1462/2513 
f 1463/2257 1502/2258 1503/2259 1504/2291 1505/2292 1464/2293 
f 1480/2230 1525/2269 1526/2270 1527/2311 1528/2312 1481/2268 
f 1502/2258 1539/2294 1540/2299 1541/2300 1542/2301 1503/2259 
f 1472/2353 1514/2354 1557/2355 1558/2356 1559/2357 1515/2358 
f 1521/2313 1522/2314 1566/2315 1567/2325 1568/2326 1569/2327 
f 1523/2492 1570/2560 1572/2562 1573/2563 1571/2630 1524/2631 
f 1534/2399 1578/2454 1579/2455 1580/2456 1536/2493 1535/2510 
f 1536/2574 1580/2575 1581/2576 1582/2577 1538/2639 1537/2640 
f 1543/2523 1587/2587 1589/2590 1590/2591 1588/2653 1544/2654 
f 1545/2346 1591/2347 1592/2348 1593/2349 1594/2350 1546/2395 
f 1568/2326 1616/2328 1617/2365 1618/2366 1619/2367 1569/2327 
f 1530/2418 1575/2419 1622/2420 1623/2432 1621/2433 1576/2434 
f 1577/2641 1620/2642 1624/4556 1625/4557 1579/4558 1578/4559 
f 1581/2514 1625/2517 1624/2578 1626/2579 1627/2619 1582/2632 
f 1591/2347 1632/2396 1633/2397 1634/2398 1635/2403 1592/2348 
f 1612/2423 1613/2424 1657/2425 1658/2426 1659/2427 1660/2486 
f 1614/2278 1661/2316 1663/2624 1664/2698 1662/2700 1615/2701 
f 1628/2522 1670/2584 1671/2585 1672/2586 1673/2625 1629/2651 
f 1629/2716 1673/2717 1674/2718 1675/2719 1631/2777 1630/2778 
f 1636/2664 1680/2729 1682/2732 1683/2733 1681/2791 1637/2792 
f 1659/2427 1707/2488 1708/2489 1709/2494 1710/2495 1660/2486 
f 1671/2779 1711/2780 1712/4586 1714/4587 1715/4588 1672/4589 
f 1674/2655 1715/2658 1714/2720 1716/2721 1717/2759 1675/2772 
f 1685/2800 1728/2801 1725/2802 1726/2803 1727/2804 1686/2805 
f 1705/2764 1746/2773 1748/2774 1749/2831 1747/2833 1706/2834 
f 1718/2663 1754/2726 1755/2727 1756/2728 1757/2765 1719/2789 
f 1719/2848 1757/2849 1758/2850 1759/2851 1721/2912 1720/2913 
f 1743/2858 1786/2859 1783/2860 1784/2861 1785/2862 1744/2875 
f 1755/2914 1790/2915 1791/4614 1792/4615 1793/4616 1756/4617 
f 1758/2793 1793/2796 1792/2852 1794/2853 1795/2896 1759/2908 
f 1764/2876 1799/2877 1800/2897 1798/2898 1796/2899 1765/2900 
f 1209/2221 1217/2222 1226/2223 1234/2224 1828/2225 1210/2260 
f 1233/2261 1244/2273 1259/2274 1830/2275 1828/2225 1234/2224 
f 1276/2276 1296/2277 1322/2302 1834/2303 1832/2309 1277/2310 
f 1372/2351 1402/2352 1439/2363 1832/2309 1834/2303 1373/2364 
f 1218/2406 1221/2407 1835/2414 1246/2415 1235/2421 1227/2422 
f 1245/2467 1246/2415 1835/2414 1836/2468 1279/2474 1260/2475 
f 1409/2476 1412/2477 1838/2484 1837/2485 1486/2502 1447/2503 
f 1298/2529 1837/2485 1838/2484 1349/2530 1325/2536 1299/2537 
f 1206/2028 1214/2040 1212/2034 1213/2039 1207/2029 
f 1208/2030 1216/2041 1225/2042 1226/2043 1217/2044 
f 1219/2038 1227/2045 1235/2046 1236/2047 1228/2048 
f 1230/1797 1239/1806 1240/1807 1241/1808 1231/1812 
f 1225/2404 1232/2405 1243/2462 1244/2463 1233/2464 
f 1232/2405 1242/2465 1252/2466 1257/2518 1243/2462 
f 1236/2496 1245/2497 1260/2553 1261/2554 1247/2555 
f 1238/1799 1248/1813 1263/1815 1264/1816 1249/1800 
f 1254/2106 1269/2105 1270/2109 1271/2111 1255/2112 
f 1247/2555 1261/2554 1281/2556 1280/2557 1262/2618 
f 1265/2114 1285/2117 1284/2127 1268/2104 1266/2097 
f 1287/1653 1311/1652 1312/2084 1313/2085 1288/2086 
f 1286/1648 1307/2113 1330/2115 1331/2116 1308/1649 
f 1320/2538 1344/2539 1345/2540 1346/2541 1321/2545 
f 1332/2245 1357/2246 1355/2248 1356/2235 1333/2232 
f 1336/2239 1358/2238 1359/2249 1360/2281 1337/2288 
f 1350/2551 1380/2552 1378/2569 1379/2597 1351/2598 
f 1385/2335 1415/2336 1416/2337 1417/2330 1386/2295 
f 1387/2334 1420/2333 1421/2339 1422/2340 1388/2371 
f 1451/2445 1492/2446 1490/2448 1491/2394 1452/2392 
f 1455/2439 1493/2438 1494/2449 1495/2450 1456/2487 
f 1496/2511 1535/2510 1536/2493 1537/2561 1497/2564 
f 1533/2565 1574/2570 1577/2571 1578/2454 1534/2399 
f 1538/2643 1582/2632 1627/2619 1584/2644 1583/2645 
f 1585/2652 1628/2522 1629/2651 1630/2699 1586/2702 
f 1557/2604 1603/2605 1648/2606 1649/2607 1605/2608 
f 1620/2648 1668/2649 1667/2708 1626/2579 1624/2578 
f 1638/2519 1684/2520 1685/2521 1686/2526 1639/2527 
f 1603/2605 1650/2609 1695/2610 1696/2616 1648/2606 
f 1665/2703 1666/2713 1711/2714 1671/2585 1670/2584 
f 1621/2617 1669/2638 1713/2670 1695/2610 1650/2609 
f 1631/2781 1675/2772 1717/2759 1677/2782 1676/2783 
f 1678/2790 1718/2663 1719/2789 1720/2832 1679/2835 
f 1684/2520 1722/2528 1723/2592 1724/2593 1685/2521 
f 1703/2620 1704/2621 1743/2626 1744/2627 1745/2628 
f 1712/2786 1753/2787 1752/2841 1716/2721 1714/2720 
f 1725/2359 1728/2360 1763/2408 1766/2409 1767/2410 
f 1726/2411 1768/2412 1769/2413 1770/2416 1727/2417 
f 1686/2805 1727/2804 1770/2901 1771/2902 1729/2927 
f 1744/2627 1788/2629 1789/2691 1787/2692 1745/2628 
f 1750/2836 1751/2845 1790/2846 1755/2727 1754/2726 
f 1721/2916 1759/2908 1795/2896 1761/2917 1760/2918 
f 1763/2671 1765/2677 1796/2678 1797/2679 1766/2680 
f 1743/2858 1782/2928 1810/2929 1811/2930 1786/2859 
f 1783/2435 1786/2436 1811/2480 1809/2481 1812/2482 
f 1784/2483 1813/2499 1814/2500 1815/2501 1785/2504 
f 1791/2921 1818/2922 1817/2964 1794/2853 1792/2852 
f 1798/2681 1800/2682 1815/2683 1814/2689 1819/2690 
f 1206/2710 1211/2738 1829/2739 1831/2745 1214/2746 
f 1258/2747 1277/2310 1832/2309 1830/2275 1259/2274 
f 1212/2748 1214/2746 1831/2745 1833/2749 1220/2750 
f 1648/2606 1696/2616 1831/2745 1829/2739 1649/2607 
f 1695/2610 1713/2670 1833/2749 1831/2745 1696/2616 
f 1278/2756 1279/2474 1836/2468 1837/2485 1298/2529 
f 1207/2029 1215/2049 1216/2041 1208/2030 
f 1207/2029 1213/2039 1222/2050 1215/2049 
f 1215/2049 1223/2051 1224/2054 1216/2041 
f 1213/2039 1219/2038 1228/2048 1222/2050 
f 1215/2049 1222/2050 1229/2059 1223/2051 
f 1223/2051 1230/2060 1231/2061 1224/2054 
f 1216/2041 1224/2054 1232/2074 1225/2042 
f 1225/2404 1233/2464 1234/2594 1226/2595 
f 1222/2050 1228/2048 1237/4466 1229/2059 
f 1223/2051 1229/2059 1238/4467 1230/2060 
f 1224/2054 1231/2061 1242/4468 1232/2074 
f 1235/2693 1246/2694 1245/2497 1236/2496 
f 1228/2048 1236/2047 1247/4469 1237/4466 
f 1229/2059 1237/4466 1248/4470 1238/4467 
f 1231/1812 1241/1808 1252/1817 1242/1822 
f 1240/1807 1256/2052 1252/1817 1241/1808 
f 1243/2462 1258/2596 1259/2659 1244/2463 
f 1237/4466 1247/4469 1262/4471 1248/4470 
f 1250/4503 1267/4502 1253/2082 1251/2081 
f 1240/1646 1255/1647 1272/1592 1256/1591 
f 1252/1817 1256/2052 1273/2053 1257/2062 
f 1260/2553 1279/2695 1278/2758 1261/2554 
f 1248/1813 1262/2063 1280/2064 1263/1815 
f 1263/1815 1280/2064 1282/2065 1264/1816 
f 1264/2156 1282/2099 1283/2153 1265/2157 
f 1268/2107 1286/2108 1287/2110 1269/2132 
f 1269/2132 1287/2110 1288/2133 1270/2134 
f 1270/2109 1289/2130 1290/2131 1271/2111 
f 1255/2112 1271/2111 1290/2131 1272/2137 
f 1257/2062 1273/2053 1293/2066 1274/2075 
f 1274/2660 1294/2069 1295/2089 1275/2090 
f 1280/2064 1281/2076 1301/2077 1282/2065 
f 1265/2114 1283/2150 1305/2151 1285/2117 
f 1284/2127 1285/2117 1305/2151 1306/2158 
f 1268/2107 1284/2135 1307/2136 1286/2108 
f 1270/2134 1288/2133 1314/2159 1289/2160 
f 1272/2137 1290/2131 1317/2174 1291/2175 
f 1291/2175 1317/2174 1294/2187 1292/2188 
f 1274/2140 1293/2141 1292/2142 1294/2176 
f 1297/2760 1300/2125 1324/2122 1323/2094 
f 1281/2076 1297/2078 1303/2079 1301/2077 
f 1302/4538 1304/4539 1323/4540 1326/4541 
f 1283/2150 1302/4538 1326/4541 1305/2151 
f 1297/2154 1323/2155 1304/2184 1303/2186 
f 1284/2135 1306/2167 1328/2195 1307/2136 
f 1309/2205 1334/2204 1335/2209 1310/2206 
f 1288/2086 1313/2085 1315/2138 1314/2139 
f 1312/2084 1338/2161 1315/2138 1313/2085 
f 1315/2138 1338/2161 1339/2162 1316/2163 
f 1316/2163 1339/2162 1340/2164 1318/2165 
f 1318/2087 1341/2121 1342/2169 1319/2088 
f 1295/2089 1319/2088 1343/2661 1320/2091 
f 1327/2166 1329/2196 1352/2197 1353/2210 
f 1307/2113 1328/2212 1327/2166 1330/2115 
f 1327/2166 1353/2210 1331/2116 1330/2115 
f 1331/2279 1353/2237 1354/2236 1332/2280 
f 1312/2251 1337/2252 1361/2208 1338/2207 
f 1318/2216 1340/2217 1363/2253 1341/2254 
f 1319/2088 1342/2169 1368/2662 1343/2661 
f 1320/2538 1343/2757 1369/2776 1344/2539 
f 1324/2122 1351/2148 1374/2761 1347/2123 
f 1347/2123 1376/2182 1375/2149 1348/2124 
f 1329/2196 1348/2215 1377/2231 1352/2197 
f 1332/2245 1354/2289 1383/2290 1357/2246 
f 1355/2248 1357/2246 1383/2290 1384/2323 
f 1355/2240 1385/2241 1386/2243 1356/2247 
f 1356/2247 1386/2243 1387/2282 1358/2283 
f 1358/2283 1387/2282 1388/2284 1359/2285 
f 1359/2249 1389/2324 1390/4546 1360/2281 
f 1337/2288 1360/2281 1390/4546 1361/4547 
f 1361/4547 1390/4546 1364/4548 1362/4549 
f 1341/4550 1363/4551 1362/4549 1364/4548 
f 1365/2376 1393/2377 1394/4562 1366/4563 
f 1366/2145 1395/2177 1396/2218 1367/2168 
f 1342/2169 1367/2168 1397/2667 1368/2662 
f 1343/2757 1368/2807 1398/2808 1369/2776 
f 1344/2262 1369/2469 1399/2470 1370/2263 
f 1370/2263 1401/2471 1400/2304 1371/2264 
f 1351/2598 1379/2597 1403/2814 1374/2815 
f 1347/2123 1374/2761 1404/2766 1376/2182 
f 1348/1039 1375/1040 1382/2271 1377/2272 
f 1375/4552 1408/4553 1381/4554 1382/4555 
f 1354/2289 1381/4554 1408/4553 1383/2290 
f 1355/2240 1384/2286 1414/2287 1385/2241 
f 1359/2285 1388/2284 1391/2329 1389/2338 
f 1388/2371 1422/2340 1392/4564 1391/4565 
f 1365/2376 1392/4564 1423/4566 1393/2377 
f 1366/2297 1394/2298 1424/2342 1395/2343 
f 1367/2168 1396/2218 1431/2668 1397/2667 
f 1368/2807 1397/2816 1432/2817 1398/2808 
f 1369/2469 1398/2472 1433/2473 1399/2470 
f 1370/2263 1399/2470 1434/2478 1401/2471 
f 1400/2304 1401/2471 1436/2479 1435/2531 
f 1379/2322 1411/2321 1440/2546 1403/2547 
f 1374/2815 1403/2814 1441/2823 1404/2824 
f 1376/2182 1404/2766 1442/2767 1405/2183 
f 1405/2183 1444/2227 1443/2226 1406/2185 
f 1406/4567 1445/4568 1446/4569 1407/4570 
f 1410/2320 1448/2374 1449/2548 1411/2321 
f 1407/4570 1446/4569 1450/4571 1413/4572 
f 1385/2335 1414/4573 1413/4572 1415/2336 
f 1413/4572 1450/4571 1416/2337 1415/2336 
f 1418/2385 1453/2384 1454/2390 1419/2387 
f 1392/4564 1422/2340 1421/2339 1423/4566 
f 1395/2498 1424/2505 1426/4574 1427/4575 
f 1421/2391 1456/2393 1425/2344 1423/2341 
f 1425/4576 1457/4577 1427/4575 1426/4574 
f 1428/2572 1461/2573 1462/4590 1429/4591 
f 1429/2180 1463/2257 1464/2293 1430/2181 
f 1396/2218 1430/2181 1465/2669 1431/2668 
f 1397/2816 1431/2865 1466/2866 1432/2817 
f 1398/2472 1432/2532 1467/2533 1433/2473 
f 1399/2470 1433/2473 1468/2534 1434/2478 
f 1401/2471 1434/2478 1469/2535 1436/2479 
f 1435/2531 1436/2479 1471/2542 1470/2543 
f 1400/2304 1435/2531 1472/2353 1437/2305 
f 1411/2321 1449/2548 1474/2549 1440/2546 
f 1403/2547 1440/2546 1475/2550 1441/2567 
f 1404/2824 1441/2823 1476/2878 1442/2879 
f 1405/2183 1442/2767 1477/2768 1444/2227 
f 1406/2368 1443/2369 1482/2428 1445/2429 
f 1448/2374 1488/2568 1489/2611 1449/2548 
f 1416/2431 1450/2380 1484/2379 1451/2437 
f 1425/4576 1456/2487 1495/2450 1457/4577 
f 1457/4577 1495/2450 1494/2449 1458/4578 
f 1458/2440 1494/2441 1496/2443 1459/2447 
f 1459/4592 1496/2511 1497/2564 1460/4593 
f 1428/2572 1460/4593 1498/4594 1461/2573 
f 1429/2401 1462/2402 1499/2458 1463/2459 
f 1430/2181 1464/2293 1506/2734 1465/2669 
f 1431/2865 1465/2884 1507/2885 1466/2866 
f 1432/2532 1466/2544 1508/2599 1467/2533 
f 1433/2473 1467/2533 1509/2600 1468/2534 
f 1434/2478 1468/2534 1510/2601 1469/2535 
f 1436/2479 1469/2535 1511/2602 1471/2542 
f 1470/2886 1471/2887 1512/2893 1513/2894 
f 1435/2531 1470/2543 1514/2354 1472/2353 
f 1437/2305 1472/2353 1515/2358 1473/2603 
f 1449/2548 1489/2611 1516/2612 1474/2549 
f 1440/2546 1474/2549 1517/2613 1475/2550 
f 1441/2567 1475/2550 1518/2614 1476/2615 
f 1442/2879 1476/2878 1519/2909 1477/2910 
f 1444/2227 1477/2768 1520/2769 1478/2228 
f 1443/4579 1481/4580 1483/4581 1482/4582 
f 1478/2228 1522/2314 1521/2313 1479/2229 
f 1479/4595 1523/4596 1524/4597 1480/4598 
f 1481/4580 1528/4583 1484/4584 1483/4581 
f 1448/2374 1485/2373 1530/2418 1488/2568 
f 1488/2568 1531/2635 1532/2636 1489/2611 
f 1451/2445 1484/4584 1528/4583 1492/2446 
f 1490/2448 1492/2446 1528/4583 1527/4585 
f 1490/2451 1533/2452 1534/2453 1491/2506 
f 1491/2506 1534/2453 1535/2507 1493/2508 
f 1493/2508 1535/2507 1496/2443 1494/2441 
f 1460/4593 1497/2564 1537/2561 1498/4594 
f 1463/2709 1499/2711 1501/4602 1502/4603 
f 1498/2457 1537/2515 1538/2516 1500/2460 
f 1500/4604 1539/4605 1502/4603 1501/4602 
f 1503/2715 1543/2775 1544/4620 1504/4621 
f 1504/2291 1545/2346 1546/2395 1505/2292 
f 1464/2293 1505/2292 1547/2735 1506/2734 
f 1465/2884 1506/2924 1548/2925 1507/2885 
f 1466/2544 1507/2672 1549/2673 1508/2599 
f 1467/2533 1508/2599 1550/2674 1509/2600 
f 1468/2534 1509/2600 1551/2675 1510/2601 
f 1469/2535 1510/2601 1552/2676 1511/2602 
f 1471/2887 1511/2926 1553/2931 1512/2893 
f 1470/2886 1513/2894 1554/2936 1514/2937 
f 1512/2893 1555/2938 1556/2939 1513/2894 
f 1489/2611 1532/2636 1560/2637 1516/2612 
f 1474/2549 1516/2612 1561/2684 1517/2613 
f 1475/2550 1517/2613 1562/2685 1518/2614 
f 1476/2615 1518/2614 1563/2686 1519/2687 
f 1477/2910 1519/2909 1564/2945 1520/2946 
f 1478/2228 1520/2769 1565/2825 1522/2314 
f 1479/2490 1521/2491 1570/2558 1523/2559 
f 1480/4598 1524/4597 1571/4599 1525/4600 
f 1525/4600 1574/2570 1533/2565 1526/4601 
f 1490/2451 1527/2509 1526/2566 1533/2452 
f 1485/2373 1529/2688 1575/2419 1530/2418 
f 1488/2568 1530/2418 1576/2434 1531/2635 
f 1531/2958 1556/2939 1555/2938 1532/2959 
f 1500/4604 1538/2643 1583/2645 1539/4605 
f 1539/4605 1583/2645 1584/2644 1540/4606 
f 1540/2580 1584/2581 1585/2582 1541/2583 
f 1541/4622 1585/2652 1586/2702 1542/4623 
f 1503/2715 1542/4623 1587/4624 1543/2775 
f 1504/2524 1544/2525 1588/2588 1545/2589 
f 1505/2292 1546/2395 1595/2736 1547/2735 
f 1506/2924 1547/2972 1596/2973 1548/2925 
f 1507/2672 1548/2740 1597/2741 1549/2673 
f 1508/2599 1549/2673 1598/2742 1550/2674 
f 1509/2600 1550/2674 1599/2743 1551/2675 
f 1510/2601 1551/2675 1600/2744 1552/2676 
f 1511/2926 1552/2974 1601/2975 1553/2931 
f 1512/2893 1553/2931 1602/2976 1555/2938 
f 1514/2937 1554/2936 1603/2605 1557/2604 
f 1513/2894 1556/2939 1604/2977 1554/2936 
f 1532/2959 1555/2938 1602/2976 1560/2978 
f 1516/2612 1560/2637 1606/2751 1561/2684 
f 1517/2613 1561/2684 1607/2752 1562/2685 
f 1518/2614 1562/2685 1608/2753 1563/2686 
f 1519/2687 1563/2686 1609/2754 1564/2755 
f 1520/2946 1564/2945 1610/2983 1565/2984 
f 1522/2314 1565/2825 1611/2826 1566/2315 
f 1521/4607 1569/4608 1572/4609 1570/4610 
f 1566/2315 1613/2424 1612/2423 1567/2325 
f 1567/4625 1614/4626 1615/4627 1568/4628 
f 1525/4600 1571/4599 1577/2571 1574/2570 
f 1569/4608 1619/4611 1573/4612 1572/4609 
f 1571/2630 1573/2563 1620/2633 1577/2634 
f 1531/2958 1576/2985 1604/2977 1556/2939 
f 1579/4558 1625/4557 1581/2576 1580/2575 
f 1584/2581 1627/2646 1628/2647 1585/2582 
f 1542/4623 1586/2702 1630/2699 1587/4624 
f 1545/2842 1588/2843 1590/4632 1591/4633 
f 1587/2587 1630/2656 1631/2657 1589/2590 
f 1589/4634 1632/4635 1591/4633 1590/4632 
f 1592/2847 1636/2911 1637/4644 1593/4645 
f 1593/2349 1638/2519 1639/2527 1594/2350 
f 1546/2395 1594/2350 1640/2737 1595/2736 
f 1547/2972 1595/2986 1641/2987 1596/2973 
f 1548/2740 1596/2809 1642/2810 1597/2741 
f 1549/2673 1597/2741 1643/2811 1598/2742 
f 1550/2674 1598/2742 1644/2812 1599/2743 
f 1551/2675 1599/2743 1645/2813 1600/2744 
f 1552/2974 1600/2988 1646/2989 1601/2975 
f 1553/2931 1601/2975 1647/2990 1602/2976 
f 1554/2936 1604/2977 1650/2609 1603/2605 
f 1560/2978 1602/2976 1647/2990 1606/2991 
f 1561/2684 1606/2751 1651/2818 1607/2752 
f 1562/2685 1607/2752 1652/2819 1608/2753 
f 1563/2686 1608/2753 1653/2820 1609/2754 
f 1564/2755 1609/2754 1654/2821 1610/2822 
f 1565/2984 1610/2983 1655/2992 1611/2993 
f 1566/2315 1611/2826 1656/2827 1613/2424 
f 1567/2622 1612/2623 1661/2696 1614/2697 
f 1568/4628 1615/4627 1662/4629 1616/4630 
f 1616/4630 1666/2713 1665/2703 1617/4631 
f 1617/2650 1665/2704 1667/2705 1618/2706 
f 1618/4613 1667/2708 1668/2649 1619/4611 
f 1573/4612 1619/4611 1668/2649 1620/2648 
f 1576/2985 1621/2617 1650/2609 1604/2977 
f 1626/2707 1670/2712 1628/2647 1627/2646 
f 1589/4634 1631/2781 1676/2783 1632/4635 
f 1632/4635 1676/2783 1677/2782 1633/4636 
f 1633/2722 1677/2723 1678/2724 1634/2725 
f 1634/4646 1678/2790 1679/2835 1635/4647 
f 1592/2847 1635/4647 1680/4648 1636/2911 
f 1593/2665 1637/2666 1681/2730 1638/2731 
f 1594/2350 1639/2527 1687/2797 1640/2737 
f 1595/2986 1640/2994 1688/2995 1641/2987 
f 1596/2809 1641/2863 1689/2864 1642/2810 
f 1597/2741 1642/2810 1690/2867 1643/2811 
f 1598/2742 1643/2811 1691/2868 1644/2812 
f 1599/2743 1644/2812 1692/2869 1645/2813 
f 1600/2988 1645/2996 1693/2997 1646/2989 
f 1601/2975 1646/2989 1694/2998 1647/2990 
f 1606/2991 1647/2990 1694/2998 1651/2999 
f 1607/2752 1651/2818 1697/2888 1652/2819 
f 1608/2753 1652/2819 1698/2889 1653/2820 
f 1609/2754 1653/2820 1699/2890 1654/2821 
f 1610/2822 1654/2821 1700/2891 1655/2892 
f 1611/2993 1655/2992 1701/3000 1656/3001 
f 1613/2424 1656/2827 1702/2828 1657/2425 
f 1612/4637 1660/4638 1663/4639 1661/4640 
f 1657/2425 1704/2621 1703/2620 1658/2426 
f 1658/4649 1705/4650 1706/4651 1659/4652 
f 1616/4630 1662/4629 1711/2714 1666/2713 
f 1660/4638 1710/4641 1664/4642 1663/4639 
f 1662/2700 1664/2698 1712/2770 1711/2771 
f 1626/2707 1667/2705 1665/2704 1670/2712 
f 1672/4589 1715/4588 1674/2718 1673/2717 
f 1677/2723 1717/2784 1718/2785 1678/2724 
f 1635/4647 1679/2835 1720/2832 1680/4648 
f 1638/2967 1681/2970 1683/4656 1684/4657 
f 1680/2729 1720/2794 1721/2795 1682/2732 
f 1682/4658 1722/4659 1684/4657 1683/4656 
f 1639/2527 1686/2526 1729/2798 1687/2797 
f 1640/2994 1687/3002 1730/3003 1688/2995 
f 1641/2863 1688/2870 1731/2871 1689/2864 
f 1642/2810 1689/2864 1732/2872 1690/2867 
f 1643/2811 1690/2867 1733/2873 1691/2868 
f 1644/2812 1691/2868 1734/2874 1692/2869 
f 1645/2996 1692/3004 1735/3005 1693/2997 
f 1646/2989 1693/2997 1736/3006 1694/2998 
f 1651/2999 1694/2998 1736/3006 1697/3007 
f 1652/2819 1697/2888 1737/2940 1698/2889 
f 1653/2820 1698/2889 1738/2941 1699/2890 
f 1654/2821 1699/2890 1739/2942 1700/2891 
f 1655/2892 1700/2891 1740/2943 1701/2944 
f 1656/3001 1701/3000 1741/3008 1702/3009 
f 1657/2425 1702/2828 1742/2895 1704/2621 
f 1658/2762 1703/2763 1746/2829 1705/2830 
f 1659/4652 1706/4651 1747/4653 1707/4654 
f 1707/4654 1751/2845 1750/2836 1708/4655 
f 1708/2788 1750/2837 1752/2838 1709/2839 
f 1709/4643 1752/2841 1753/2787 1710/4641 
f 1664/4642 1710/4641 1753/2787 1712/2786 
f 1716/2840 1754/2844 1718/2785 1717/2784 
f 1682/4658 1721/2916 1760/2918 1722/4659 
f 1722/4659 1760/2918 1761/2917 1723/4660 
f 1723/2854 1761/2855 1762/2856 1724/2857 
f 1725/2359 1767/2410 1768/2412 1726/2411 
f 1687/3002 1729/3010 1771/3011 1730/3003 
f 1688/2870 1730/2880 1769/2413 1731/2871 
f 1689/2864 1731/2871 1772/2881 1732/2872 
f 1690/2867 1732/2872 1773/2882 1733/2873 
f 1691/2868 1733/2873 1774/2883 1734/2874 
f 1692/3004 1734/3012 1775/3013 1735/3005 
f 1693/2997 1735/3005 1776/3014 1736/3006 
f 1697/3007 1736/3006 1776/3014 1737/3015 
f 1698/2889 1737/2940 1777/2950 1738/2941 
f 1699/2890 1738/2941 1778/2951 1739/2942 
f 1700/2891 1739/2942 1779/2952 1740/2943 
f 1701/2944 1740/2943 1780/2953 1741/2954 
f 1702/3009 1741/3008 1781/3016 1742/3017 
f 1704/2621 1742/2895 1782/2903 1743/2626 
f 1703/4661 1745/4662 1748/4663 1746/4664 
f 1707/4654 1747/4653 1790/2846 1751/2845 
f 1745/4662 1787/4665 1749/4666 1748/4663 
f 1747/2833 1749/2831 1791/2906 1790/2907 
f 1716/2840 1752/2838 1750/2837 1754/2844 
f 1756/4617 1793/4616 1758/2850 1757/2849 
f 1761/2855 1795/2919 1764/2920 1762/2856 
f 1766/2409 1801/2932 1802/2933 1767/2410 
f 1767/2410 1802/2933 1772/2881 1768/2412 
f 1731/2871 1769/2413 1768/2412 1772/2881 
f 1730/2880 1771/2934 1770/2416 1769/2413 
f 1732/2872 1772/2881 1802/2933 1773/2882 
f 1733/2873 1773/2882 1803/2935 1774/2883 
f 1734/3012 1774/3018 1804/3019 1775/3013 
f 1735/3005 1775/3013 1805/3020 1776/3014 
f 1737/3015 1776/3014 1805/3020 1777/3021 
f 1738/2941 1777/2950 1806/2955 1778/2951 
f 1739/2942 1778/2951 1807/2956 1779/2952 
f 1740/2943 1779/2952 1808/2957 1780/2953 
f 1741/2954 1780/2953 1809/2481 1781/2960 
f 1742/3017 1781/3016 1810/3022 1782/3023 
f 1783/2435 1812/2482 1813/2499 1784/2483 
f 1787/4665 1789/4667 1817/2964 1818/2922 
f 1788/2923 1816/2965 1817/2966 1789/2968 
f 1749/4666 1787/4665 1818/2922 1791/2921 
f 1764/2920 1795/2919 1794/2969 1799/2971 
f 1796/2678 1798/2681 1819/2690 1797/2679 
f 1766/2680 1797/2679 1820/3024 1801/3025 
f 1773/2882 1802/2933 1801/2932 1803/2935 
f 1774/3018 1803/3026 1821/3027 1804/3019 
f 1775/3013 1804/3019 1822/3028 1805/3020 
f 1777/3021 1805/3020 1822/3028 1806/3029 
f 1778/2951 1806/2955 1823/2979 1807/2956 
f 1779/2952 1807/2956 1824/2980 1808/2957 
f 1780/2953 1808/2957 1812/2482 1809/2481 
f 1781/2960 1809/2481 1811/2480 1810/2981 
f 1808/2957 1824/2980 1813/2499 1812/2482 
f 1813/2499 1824/2980 1825/2982 1814/2500 
f 1794/2969 1817/2966 1816/2965 1799/2971 
f 1797/2679 1819/2690 1826/3030 1820/3024 
f 1801/3025 1820/3024 1821/3027 1803/3026 
f 1814/2689 1825/3031 1826/3030 1819/2690 
f 1804/3019 1821/3027 1827/3032 1822/3028 
f 1806/3029 1822/3028 1827/3032 1823/3033 
f 1807/2956 1823/2979 1825/2982 1824/2980 
f 1820/3024 1826/3030 1827/3032 1821/3027 
f 1823/3033 1827/3032 1826/3030 1825/3031 
f 1210/2260 1828/2225 1829/2739 1211/2738 
f 1220/2750 1833/2749 1835/2414 1221/2407 
f 1321/2545 1346/2541 1834/2303 1322/2302 
f 1345/2540 1373/2364 1834/2303 1346/2541 
f 1378/2569 1380/2552 1838/2484 1412/2477 
f 1349/2530 1838/2484 1380/2552 1350/2551 
f 1208/2030 1217/2044 1209/2031 
f 1218/2037 1227/2045 1219/2038 
f 1275/2090 1296/2120 1276/2799 
f 1299/2904 1325/2126 1300/2125 
f 1371/2264 1402/2308 1372/2265 
f 1409/2319 1447/2361 1410/2320 
f 1437/2305 1473/2603 1438/2306 
f 1485/2373 1487/2372 1529/2688 
f 1557/2355 1605/4618 1558/2356 
f 1621/2433 1623/2432 1669/4619 
f 1243/2462 1257/2518 1274/2660 1275/2090 1276/2799 1277/2806 1258/2596 
f 1261/2554 1278/2758 1298/2905 1299/2904 1300/2125 1297/2760 1281/2556 
f 1685/2800 1724/2947 1762/2948 1764/2876 1765/2900 1763/2949 1728/2801 
f 1744/2875 1785/2862 1815/2961 1800/2897 1799/2877 1816/2962 1788/2963 
f 1558/3034 1605/2608 1649/2607 1829/2739 1828/2225 1830/2275 1559/3035 
f 1438/3036 1473/3037 1515/3038 1559/3035 1830/2275 1832/2309 1439/2363 
f 1622/3039 1836/2468 1835/2414 1833/2749 1713/2670 1669/2638 1623/3040 
f 1486/2502 1837/2485 1836/2468 1622/3039 1575/3041 1529/3042 1487/3043 
f 1839/3059 1840/3060 1842/3061 1841/3062 
f 1843/3063 1845/3064 1846/3065 1844/3066 
f 1839/3067 1843/3068 1844/3069 1840/3070 
f 1840/3071 1844/3072 1846/3073 1842/3074 
f 1842/3075 1846/3076 1845/3077 1841/3078 
f 1841/3079 1845/3080 1843/3081 1839/3082 
f 1847/3083 1848/3084 1850/3085 1849/3086 
f 1851/3087 1853/3088 1854/3089 1852/3090 
f 1847/3091 1851/3092 1852/3093 1848/3094 
f 1848/3048 1852/3049 1854/3050 1850/3051 
f 1850/3099 1854/3100 1853/3101 1849/3102 
f 1849/3103 1853/3104 1851/3105 1847/3106 
f 1855/3107 1856/3108 1858/3109 1857/3110 
f 1859/3111 1861/3112 1862/3113 1860/3114 
f 1855/3115 1859/3116 1860/3117 1856/3118 
f 1856/3056 1860/3057 1862/3058 1858/3095 
f 1858/3123 1862/3124 1861/3125 1857/3126 
f 1857/3127 1861/3128 1859/3129 1855/3130 
f 1863/3131 1865/3132 1866/3133 1864/3134 
f 1867/3135 1868/3136 1870/3137 1869/3138 
f 1863/3139 1864/3140 1868/3141 1867/3142 
f 1864/3143 1866/3144 1870/3145 1868/3146 
f 1866/3147 1865/3148 1869/3149 1870/3150 
f 1865/3151 1863/3152 1867/3153 1869/3154 
f 1871/3155 1873/3156 1874/3157 1872/3158 
f 1875/3159 1876/3160 1878/3161 1877/3162 
f 1871/3163 1872/3164 1876/3165 1875/3166 
f 1872/3044 1874/3045 1878/3046 1876/3047 
f 1874/3171 1873/3172 1877/3173 1878/3174 
f 1873/3175 1871/3176 1875/3177 1877/3178 
f 1879/3179 1881/3180 1882/3181 1880/3182 
f 1883/3183 1884/3184 1886/3185 1885/3186 
f 1879/3187 1880/3188 1884/3189 1883/3190 
f 1880/3052 1882/3053 1886/3054 1884/3055 
f 1882/3195 1881/3196 1885/3197 1886/3198 
f 1881/3199 1879/3200 1883/3201 1885/3202 
f 1887/3203 1888/3204 1890/3205 1889/3206 
f 1891/3207 1893/3208 1894/3209 1892/3210 
f 1887/3211 1891/3212 1892/3213 1888/3214 
f 1888/3215 1892/3216 1894/3217 1890/3218 
f 1890/3219 1894/3220 1893/3221 1889/3222 
f 1889/3223 1893/3224 1891/3225 1887/3226 
f 1895/3227 1896/3228 1898/3229 1897/3230 
f 1899/3231 1901/3232 1902/3233 1900/3234 
f 1895/3235 1899/3236 1900/3237 1896/3238 
f 1896/3168 1900/3169 1902/3170 1898/3191 
f 1898/3243 1902/3244 1901/3245 1897/3246 
f 1897/3247 1901/3248 1899/3249 1895/3250 
f 1903/3251 1904/3252 1906/3253 1905/3254 
f 1907/3255 1909/3256 1910/3257 1908/3258 
f 1903/3259 1907/3260 1908/3261 1904/3262 
f 1904/3192 1908/3193 1910/3194 1906/3239 
f 1906/3267 1910/3268 1909/3269 1905/3270 
f 1905/3271 1909/3272 1907/3273 1903/3274 
f 1911/3275 1913/3276 1914/3277 1912/3278 
f 1915/3279 1916/3280 1918/3281 1917/3282 
f 1911/3283 1912/3284 1916/3285 1915/3286 
f 1912/3287 1914/3288 1918/3289 1916/3290 
f 1914/3291 1913/3292 1917/3293 1918/3294 
f 1913/3295 1911/3296 1915/3297 1917/3298 
f 1919/3299 1921/3300 1922/3301 1920/3302 
f 1923/3303 1924/3304 1926/3305 1925/3306 
f 1919/3307 1920/3308 1924/3309 1923/3310 
f 1920/3120 1922/3121 1926/3122 1924/3167 
f 1922/3315 1921/3316 1925/3317 1926/3318 
f 1921/3319 1919/3320 1923/3321 1925/3322 
f 1927/3323 1929/3324 1930/3325 1928/3326 
f 1931/3327 1932/3328 1934/3329 1933/3330 
f 1927/3331 1928/3332 1932/3333 1931/3334 
f 1928/3240 1930/3241 1934/3242 1932/3263 
f 1930/3339 1929/3340 1933/3341 1934/3342 
f 1929/3343 1927/3344 1931/3345 1933/3346 
f 1935/3347 1937/3348 1938/3349 1936/3350 
f 1939/3351 1940/3352 1942/3353 1941/3354 
f 1935/3355 1936/3356 1940/3357 1939/3358 
f 1936/3359 1938/3360 1942/3361 1940/3362 
f 1938/3363 1937/3364 1941/3365 1942/3366 
f 1937/3367 1935/3368 1939/3369 1941/3370 
f 1943/3371 1945/3372 1946/3373 1944/3374 
f 1947/3375 1948/3376 1950/3377 1949/3378 
f 1943/3379 1944/3380 1948/3381 1947/3382 
f 1944/3264 1946/3265 1950/3266 1948/3311 
f 1946/3387 1945/3388 1949/3389 1950/3390 
f 1945/3391 1943/3392 1947/3393 1949/3394 
f 1951/3395 1953/3396 1954/3397 1952/3398 
f 1955/3399 1956/3400 1958/3401 1957/3402 
f 1951/3403 1952/3404 1956/3405 1955/3406 
f 1952/3312 1954/3313 1958/3314 1956/3335 
f 1954/3411 1953/3412 1957/3413 1958/3414 
f 1953/3415 1951/3416 1955/3417 1957/3418 
f 1959/3419 1961/3420 1962/3421 1960/3422 
f 1963/3423 1964/3424 1966/3425 1965/3426 
f 1959/3427 1960/3428 1964/3429 1963/3430 
f 1960/3431 1962/3432 1966/3433 1964/3434 
f 1962/3435 1961/3436 1965/3437 1966/3438 
f 1961/3439 1959/3440 1963/3441 1965/3442 
f 1967/3443 1969/3444 1970/3445 1968/3446 
f 1971/3447 1972/3448 1974/3449 1973/3450 
f 1967/3451 1968/3452 1972/3453 1971/3454 
f 1968/3336 1970/3337 1974/3338 1972/3383 
f 1970/3459 1969/3460 1973/3461 1974/3462 
f 1969/3463 1967/3464 1971/3465 1973/3466 
f 1975/3467 1977/3468 1978/3469 1976/3470 
f 1979/3471 1980/3472 1982/3473 1981/3474 
f 1975/3475 1976/3476 1980/3477 1979/3478 
f 1976/3384 1978/3385 1982/3386 1980/3407 
f 1978/3483 1977/3484 1981/3485 1982/3486 
f 1977/3487 1975/3488 1979/3489 1981/3490 
f 1983/3491 1985/3492 1986/3493 1984/3494 
f 1987/3495 1988/3496 1990/3497 1989/3498 
f 1983/3499 1984/3500 1988/3501 1987/3502 
f 1984/3503 1986/3504 1990/3505 1988/3506 
f 1986/3507 1985/3508 1989/3509 1990/3510 
f 1985/3511 1983/3512 1987/3513 1989/3514 
f 1991/3515 1993/3516 1994/3517 1992/3518 
f 1995/3519 1996/3520 1998/3521 1997/3522 
f 1991/3523 1992/3524 1996/3525 1995/3526 
f 1992/3408 1994/3409 1998/3410 1996/3455 
f 1994/3531 1993/3532 1997/3533 1998/3534 
f 1993/3535 1991/3536 1995/3537 1997/3538 
f 1999/3539 2001/3540 2002/3541 2000/3542 
f 2003/3543 2004/3544 2006/3545 2005/3546 
f 1999/3547 2000/3548 2004/3549 2003/3550 
f 2000/3456 2002/3457 2006/3458 2004/3479 
f 2002/3555 2001/3556 2005/3557 2006/3558 
f 2001/3559 1999/3560 2003/3561 2005/3562 
f 2007/3563 2009/3564 2010/3565 2008/3566 
f 2011/3567 2012/3568 2014/3569 2013/3570 
f 2007/3571 2008/3572 2012/3573 2011/3574 
f 2008/3575 2010/3576 2014/3577 2012/3578 
f 2010/3579 2009/3580 2013/3581 2014/3582 
f 2009/3583 2007/3584 2011/3585 2013/3586 
f 2015/3587 2017/3588 2018/3589 2016/3590 
f 2019/3591 2020/3592 2022/3593 2021/3594 
f 2015/3595 2016/3596 2020/3597 2019/3598 
f 2016/3480 2018/3481 2022/3482 2020/3527 
f 2018/3603 2017/3604 2021/3605 2022/3606 
f 2017/3607 2015/3608 2019/3609 2021/3610 
f 2023/3611 2025/3612 2026/3613 2024/3614 
f 2027/3615 2028/3616 2030/3617 2029/3618 
f 2023/3619 2024/3620 2028/3621 2027/3622 
f 2024/3528 2026/3529 2030/3530 2028/3551 
f 2026/3627 2025/3628 2029/3629 2030/3630 
f 2025/3631 2023/3632 2027/3633 2029/3634 
f 2031/3635 2033/3636 2034/3637 2032/3638 
f 2035/3639 2036/3640 2038/3641 2037/3642 
f 2031/3643 2032/3644 2036/3645 2035/3646 
f 2032/3647 2034/3648 2038/3649 2036/3650 
f 2034/3651 2033/3652 2037/3653 2038/3654 
f 2033/3655 2031/3656 2035/3657 2037/3658 
f 2039/3659 2041/3660 2042/3661 2040/3662 
f 2043/3663 2044/3664 2046/3665 2045/3666 
f 2039/3667 2040/3668 2044/3669 2043/3670 
f 2040/3552 2042/3553 2046/3554 2044/3599 
f 2042/3675 2041/3676 2045/3677 2046/3678 
f 2041/3679 2039/3680 2043/3681 2045/3682 
f 2047/3683 2049/3684 2050/3685 2048/3686 
f 2051/3687 2052/3688 2054/3689 2053/3690 
f 2047/3691 2048/3692 2052/3693 2051/3694 
f 2048/3600 2050/3601 2054/3602 2052/3623 
f 2050/3699 2049/3700 2053/3701 2054/3702 
f 2049/3703 2047/3704 2051/3705 2053/3706 
f 2055/3707 2056/3708 2058/3709 2057/3710 
f 2059/3711 2061/3712 2062/3713 2060/3714 
f 2055/3715 2059/3716 2060/3717 2056/3718 
f 2056/3719 2060/3720 2062/3721 2058/3722 
f 2058/3723 2062/3724 2061/3725 2057/3726 
f 2057/3727 2061/3728 2059/3729 2055/3730 
f 2063/3731 2064/3732 2066/3733 2065/3734 
f 2067/3735 2069/3736 2070/3737 2068/3738 
f 2063/3739 2067/3740 2068/3741 2064/3742 
f 2064/3624 2068/3625 2070/3626 2066/3671 
f 2066/3747 2070/3748 2069/3749 2065/3750 
f 2065/3751 2069/3752 2067/3753 2063/3754 
f 2071/3755 2072/3756 2074/3757 2073/3758 
f 2075/3759 2077/3760 2078/3761 2076/3762 
f 2071/3763 2075/3764 2076/3765 2072/3766 
f 2072/3672 2076/3673 2078/3674 2074/3695 
f 2074/3771 2078/3772 2077/3773 2073/3774 
f 2073/3775 2077/3776 2075/3777 2071/3778 
f 2079/3779 2080/3780 2082/3781 2081/3782 
f 2083/3783 2085/3784 2086/3785 2084/3786 
f 2079/3787 2083/3788 2084/3789 2080/3790 
f 2080/3791 2084/3792 2086/3793 2082/3794 
f 2082/3795 2086/3796 2085/3797 2081/3798 
f 2081/3799 2085/3800 2083/3801 2079/3802 
f 2087/3803 2088/3804 2090/3805 2089/3806 
f 2091/3807 2093/3808 2094/3809 2092/3810 
f 2087/3811 2091/3812 2092/3813 2088/3814 
f 2088/3696 2092/3697 2094/3698 2090/3743 
f 2090/3819 2094/3820 2093/3821 2089/3822 
f 2089/3823 2093/3824 2091/3825 2087/3826 
f 2095/3827 2096/3828 2098/3829 2097/3830 
f 2099/3831 2101/3832 2102/3833 2100/3834 
f 2095/3835 2099/3836 2100/3837 2096/3838 
f 2096/3744 2100/3745 2102/3746 2098/3767 
f 2098/3843 2102/3844 2101/3845 2097/3846 
f 2097/3847 2101/3848 2099/3849 2095/3850 
f 2103/3851 2104/3852 2106/3853 2105/3854 
f 2107/3855 2109/3856 2110/3857 2108/3858 
f 2103/3859 2107/3860 2108/3861 2104/3862 
f 2104/3863 2108/3864 2110/3865 2106/3866 
f 2106/3867 2110/3868 2109/3869 2105/3870 
f 2105/3871 2109/3872 2107/3873 2103/3874 
f 2111/3875 2112/3876 2114/3877 2113/3878 
f 2115/3879 2117/3880 2118/3881 2116/3882 
f 2111/3883 2115/3884 2116/3885 2112/3886 
f 2112/3768 2116/3769 2118/3770 2114/3815 
f 2114/3891 2118/3892 2117/3893 2113/3894 
f 2113/3895 2117/3896 2115/3897 2111/3898 
f 2119/3899 2120/3900 2122/3901 2121/3902 
f 2123/3903 2125/3904 2126/3905 2124/3906 
f 2119/3907 2123/3908 2124/3909 2120/3910 
f 2120/3816 2124/3817 2126/3818 2122/3839 
f 2122/3915 2126/3916 2125/3917 2121/3918 
f 2121/3919 2125/3920 2123/3921 2119/3922 
f 2127/3923 2128/3924 2130/3925 2129/3926 
f 2131/3927 2133/3928 2134/3929 2132/3930 
f 2127/3931 2131/3932 2132/3933 2128/3934 
f 2128/3935 2132/3936 2134/3937 2130/3938 
f 2130/3939 2134/3940 2133/3941 2129/3942 
f 2129/3943 2133/3944 2131/3945 2127/3946 
f 2135/3947 2136/3948 2138/3949 2137/3950 
f 2139/3951 2141/3952 2142/3953 2140/3954 
f 2135/3955 2139/3956 2140/3957 2136/3958 
f 2136/3840 2140/3841 2142/3842 2138/3887 
f 2138/3963 2142/3964 2141/3965 2137/3966 
f 2137/3967 2141/3968 2139/3969 2135/3970 
f 2143/3971 2144/3972 2146/3973 2145/3974 
f 2147/3975 2149/3976 2150/3977 2148/3978 
f 2143/3979 2147/3980 2148/3981 2144/3982 
f 2144/3888 2148/3889 2150/3890 2146/3911 
f 2146/3987 2150/3988 2149/3989 2145/3990 
f 2145/3991 2149/3992 2147/3993 2143/3994 
f 2151/3995 2152/3996 2154/3997 2153/3998 
f 2155/3999 2157/4000 2158/4001 2156/4002 
f 2151/4003 2155/4004 2156/4005 2152/4006 
f 2152/4007 2156/4008 2158/4009 2154/4010 
f 2154/4011 2158/4012 2157/4013 2153/4014 
f 2153/4015 2157/4016 2155/4017 2151/4018 
f 2159/4019 2160/4020 2162/4021 2161/4022 
f 2163/4023 2165/4024 2166/4025 2164/4026 
f 2159/4027 2163/4028 2164/4029 2160/4030 
f 2160/3912 2164/3913 2166/3914 2162/3959 
f 2162/4032 2166/4033 2165/4034 2161/4035 
f 2161/4036 2165/4037 2163/4038 2159/4039 
f 2167/4040 2168/4041 2170/4042 2169/4043 
f 2171/4044 2173/4045 2174/4046 2172/4047 
f 2167/4048 2171/4049 2172/4050 2168/4051 
f 2168/3960 2172/3961 2174/3962 2170/3983 
f 2170/4052 2174/4053 2173/4054 2169/4055 
f 2169/4056 2173/4057 2171/4058 2167/4059 
f 2175/3096 2177/3097 2178/3098 2176/3119 
f 2179/3984 2180/3985 2182/3986 2181/4031 
f 2175/205 2176/206 2180/207 2179/208 
f 2176/209 2178/210 2182/211 2180/212 
f 2178/213 2177/214 2181/215 2182/216 
f 2177/222 2175/223 2179/225 2181/228 
# 1805 polygons - 26 triangles

